order_id,output
001250fc-acbf-45fb-a89b-95d17005e3bf,["#-1:92920b61-0316-474d-bc0f-d4d12b307027", "#-1:fde9c068-2946-45c5-95f3-eae88071be39", "#-1:9f1d5c2c-5b9f-4f8a-a727-2dbe97bffcce", "#-1:a7545597-b1f6-48c2-b774-146be74c28cb"]
0052146f-c00c-4786-8d58-c2db3ec6baa0,["#-1:4ca39af0-1573-4ce4-8a37-ea354c733cd9", "#-1:2ef23c93-34a2-40a2-89b4-90e8e4844fc6"]
00c65d88-71c7-4efd-838e-6e46d74c1948,["#-1:9b0bd177-c23d-4426-8213-668c8e77c6d3"]
01b0f97d-4713-4071-8ebd-2e03009fcb3a,["#-1:f684c864-c7af-48a8-8331-c72eaf356fd4", "#-1:3ec71176-8b89-43dd-9e57-3dc8aaf9400f", "#-1:42843cac-db4f-46fd-9f0d-21c399a452ed"]
01fd647b-a016-4988-b94c-561bd5a2500d,["#-1:a17e09ba-9823-4f7c-95c1-1714def10b6f"]
0245e338-a360-497f-9d65-72c73c70c742,["#-1:e1a0a19e-6f36-4f76-b479-15766a8e4de2", "#-1:38ed7b91-de2f-4af1-ac83-6d27df2acf76"]
025d1580-5bd8-4964-b230-3668ce3a8575,["#-1:7316fac8-cc22-45ff-b9ea-5ebb88338f2c", "#-1:52b4fcd3-bebd-4ae8-838f-5ea4160144cd"]
039f70ef-1906-4571-86e6-6caf1f41f459,["#-1:e13f93a4-c7f6-4dc7-872a-aac9858790ab", "#-1:d11b583b-3561-43bb-8229-b7964fd63fa2"]
04c4c660-a42b-4c85-ac4f-34ffa598f7ab,["#-1:e51d6ccd-0f54-4fb9-8d04-e8e2533a1c61", "#-1:38107f33-4b6c-49d9-a391-b980935a3646", "#-1:1256a33e-d8af-4c54-ba32-6595cd7afc7b"]
050ba66b-e989-48e5-a059-a336a79e0dab,["#-1:0615159b-a7f7-464f-a048-b0a80e94c736", "#-1:468300d3-ba53-4a45-acee-db648d539f2d", "#-1:806890e7-580c-47ab-85da-8d53fe933d77", "#-1:94517006-f07c-421c-8f40-a4aaf8c63c5e"]
056a4a59-4bb1-40db-a644-9474b6a3ced9,["#-1:63d87c31-8348-4528-99bf-c53be1c061c7"]
057ebcd1-2299-447c-9551-1b7cc3f4f78a,["#-1:04b69fb0-eb00-4fe2-976f-b1aa0a42856e", "#-1:b5e09783-700b-44ec-83db-dd8f53f84e9c"]
05d2fb28-fd1f-40b6-ab88-97f6ffdb2a45,["#-1:f4c4ba71-bc07-49d7-887e-b29c1fb76ff3"]
06990bf2-277f-4480-97bd-ffb12775c5ca,["#-1:d079d35e-ad36-434d-b062-b82d732be97b"]
06bbfbd3-fc92-42f3-b225-a93706a1a867,["#-1:825861be-9d39-4eae-9e72-b20faa2d33d0"]
06d346bc-1345-4825-9e01-546cc30ac6ba,["#-1:3005e057-e449-4a72-8269-c9b7d32dfaa7", "#-1:1aca2c7f-82e7-4d50-a9de-fbc6578ca77e", "#-1:1ae334d7-8285-4ed0-a2eb-d5f84869373f", "#-1:a8f691fe-fb68-4083-bc58-267227343e3c", "#-1:e1316373-ce8a-45d4-84de-a565255d5edd"]
06d84a90-670f-4ccb-b482-9afdb874d164,["#-1:acdac9bd-c2ff-4da6-8bc7-8b07c1bc3304", "#-1:381d95e7-495f-4e4f-9572-9b4ec441fe24", "#-1:d1c9980d-85c4-40db-9036-f831f95a0aa7", "#-1:a243d10d-3e93-4513-ae7f-f430654588e8", "#-1:32fb88da-f98c-4aa8-8dfa-cfafef1ee0d6"]
06da0faf-ed4d-4329-af78-57eb6c2a9849,["#-1:e9e7d2db-5df0-4ce9-878b-9e02d3f082ec"]
07ae65ec-c048-4b05-9fd5-114fee44f62e,["#-1:5421ff80-5324-4541-83f6-7248fb337e3e"]
07c300f7-bf9e-46bc-88de-ce7ad5276010,["#-1:3bee312a-b6c2-4167-9b09-34c1ce165c90"]
08cc24a7-d384-4d87-89a0-c7306e84afd3,["#-1:73ac9034-f934-4a37-9a28-11215633a7bc", "#-1:4537bc6c-3df9-4e83-8995-5a6e8149fd61"]
094c8124-cb2a-4792-9a50-f780b53adf22,["#-1:39ab3a53-2bc7-4150-91ea-74f41ed4522a", "#-1:47c1e145-7265-455c-80cc-5ef407374ea2", "#-1:d93ca015-3d3e-42c4-a18f-25cb409d145f"]
09bfca5b-75c1-42c2-b5fd-5d6d7822d71e,["#-1:c42cf84a-8826-4214-b51d-3c827c30bbe2"]
0a884a84-bd68-4390-906e-67cbbfe80c74,["#-1:c1771040-2e04-45f5-b555-2b5e207e03de"]
0b1e32c4-9318-4782-8cdc-dc8824f76b98,["#-1:765a0753-d3d0-42f1-b3dd-401665c0b104"]
0c1958be-8ece-4821-81a8-809c9fb5f986,["#-1:f0042f83-c7d7-4556-9a2f-9821ef964460", "#-1:4a7ddc81-6988-4285-a850-f0c22823142f"]
0c75a58b-670c-44fb-a7da-ec1c8817a465,["#-1:d31c3ccd-04d4-44c4-a65c-b5be67e8ac39", "#-1:5bff16ec-2c86-428d-adee-991f1446656d", "#-1:11f1db77-c33f-4009-9844-21a0e7680ff8"]
0e755fc0-8819-4420-b701-1f84ec0e59de,["#-1:96c1b85e-de09-4a61-8a75-32c44f77c217", "#-1:da579a04-4b4a-4e5f-88e7-8f434b4622e7"]
0eacbb73-5845-409a-a1f0-ccd89a466965,["#-1:164869cd-0884-4714-8536-da48db4d9271"]
0f2a154d-6f4a-4b05-b9a8-6502b110d3af,["#-1:c741843e-4c37-4398-9f25-06198e694e6f", "#-1:f500e343-9349-4c47-9142-0836052c85e3"]
0ff09b29-0ded-465a-a684-9d78f7e9e2cd,["#-1:c75008ae-109f-44a8-ab89-2ba08651c01f"]
10070d01-21f7-4af3-bc0a-acd406e1f024,["#-1:41caeb3e-255d-43a7-9c65-66831971db7c", "#-1:2ba469b7-965a-4a29-94eb-41e376c3609a", "#-1:84ad9c6c-7740-47e8-aa34-5454bb306302"]
10735bd0-fc38-4d0b-a19e-99578d60ad51,["#-1:a3142a11-7c68-43ca-82c6-12170b90019a"]
1117ad03-8891-4bf6-854c-612bf19fdae4,["#-1:21e8a85d-b692-481b-a9ae-fb979094dca3", "#-1:08baefd1-6af0-4be4-88f5-6fa77d069d9d"]
115289c3-04a6-4d58-b68f-beb114e49795,["#-1:91e8eaa8-bc2c-4648-ace4-a91803140976"]
128fe5fd-8273-44f5-ae20-b31d2e31f6bd,["#-1:e3d99ef2-ddd1-4bed-8cc5-927257614ed7", "#-1:a4784914-c354-49b2-ae14-621bba45b9a1", "#-1:21f4deef-c1e3-4670-b672-f83dbc6f16d5"]
12ea40ef-0905-4318-bb64-b6058e9229b3,["#-1:5d0f81a1-63dc-474d-8a1f-d44b6653d232", "#-1:ce5da95c-0948-487f-bd12-f232af3a10a6"]
12fb9fb0-19b0-4b39-b037-f2e479fadb8a,["#-1:8d1a24ae-333c-4a6b-a3d8-25f411c45ed8", "#-1:48898139-e173-42c6-ba9d-9b2408fdebbd"]
138d35bb-8cc4-43c2-bd1b-60e657611f51,["#-1:408be540-4ddd-4b6d-9239-d50ecf9e6c9f", "#-1:2f464ba0-0005-41ad-8c63-4e8877c88093"]
1439543f-d9f2-41bc-b617-92caddaf47be,["#-1:b2f7b96f-02cc-4c3a-9fe2-a7ff5d881bf3"]
14a00e87-f9cf-4ae1-81d7-bed3cb9b5869,["#-1:fa2f8cb5-8698-4f27-bac1-ea63903e94cb"]
14e049b3-5087-44ef-a527-55875e97a814,["#-1:c3f116a3-481d-4d76-b1b7-16fde42d6352", "#-1:4f9efb22-78dd-403f-b3e2-8ac0eb0aefa9"]
1528130e-c8b9-4aa7-941f-caa8bd53f1c2,["#-1:aaa03f45-8ad1-4c79-9974-138e269fd740"]
15eedb14-eb04-41b3-a6b1-83da219b9958,["#-1:eaf7cd60-04c8-4cff-9172-b4008cf8ead0", "#-1:bd5a44ec-a573-4571-b710-9e9d5786e8fe", "#-1:36efd879-e13d-4db1-a285-63b76556343e"]
1600d318-ecdc-4d10-816f-9f2c6987eb9f,["#-1:d5539f4f-bab1-4b71-b449-c68344b24a3b", "#-1:6a9fe806-5020-461c-8aa9-ecc8ad26f502", "#-1:bc774a67-51fc-4c30-8eb8-1dd39cd33cf6"]
174f4daa-f147-47c4-988c-b4e4cedfb47b,["#-1:a2bf1aeb-c841-4c7f-ac0f-01ffcecdd264", "#-1:863a622a-e59e-4dcb-890b-1f649ee21ddf", "#-1:346f5624-a895-4395-a54e-2b72a6e921c0"]
1790ee3c-52a1-4288-87bd-2ef708a2dddd,["#-1:8abbf8fd-01e6-4525-899b-df6e0177940c"]
187583c2-1a80-4597-b5e9-9f53ad02e5af,["#-1:8151d77f-b0fa-4563-8fc6-ba740fb9ddf2"]
18b8fdca-8812-4ec1-96ff-f7a7fe2fe82f,["#-1:3c7a51d9-28bb-4c59-896b-6b8aadde18ea", "#-1:25adf7d1-2513-4411-8393-7b46248019c0"]
1960b2e7-a699-45cb-aacf-df0a7c585c76,["#-1:d968603c-4c84-41be-89a7-a381578a7aa2", "#-1:e294b2c8-dedd-4937-b433-2ded6e2c96f4", "#-1:df79d56a-7a12-4311-b236-cc8d60ffbd93"]
19a6aa1d-c189-4a3f-b216-b40c92ca0eb2,["#-1:4f4ec5c6-e72c-4e88-b054-0d58489b603d"]
1a4ba4ff-43b6-4b02-aef4-85b5a646b8cd,["#-1:8456ecc5-19b9-41c2-952a-ee12d3d2787f", "#-1:bb8b3609-e0cd-4ecf-b0cd-496005cf1d1d", "#-1:2e3571cc-3116-449d-b2d0-a21553f55c61", "#-1:26d9f1cb-21bd-43d3-9bcc-f38dff364c8b", "#-1:8d999c63-280b-4929-9d8c-9a63091f02a0"]
1adac637-9ad3-4c52-921b-9205a7abe5c7,["#-1:5a019c4d-aee6-4176-b23c-2f7f3a2b8ad2", "#-1:cee25888-11ce-483d-af29-780350124399", "#-1:b5b329f3-7417-47f9-8a95-7d7f3b32f692"]
1c639bb1-30d7-4eda-ae2e-43f3e5e5c59d,["#-1:ab84855f-d336-48ea-bc5a-1808ab03aa95", "#-1:9b260980-291b-4e94-bff3-faf183437521"]
1ca4b359-d361-45b7-bdd7-1c16dde676c7,["#-1:0ac3a587-dd7e-4da4-b2cb-dfc6f95eec7b", "#-1:8fcdde50-2dbe-4f3e-a7d1-0e38d2a6f449", "#-1:f9810be8-7974-4f00-be84-d806529305e7", "#-1:89c2f68a-c27e-43a3-98ee-99441412f5e5", "#-1:84e80639-25ca-47f4-8ebc-f3c16806dd27"]
1cb65294-7174-4545-b55c-1fb72792e0c6,["#-1:5219563c-7f4d-49f8-a54c-266ee8c63383"]
1cc2844c-8c88-4f44-a2e0-79ce53bd1a31,["#-1:ee9e23c3-d15e-4b2a-bb13-3297e735e176", "#-1:4df6dc4a-7049-470f-a911-482c2c9de04d"]
1e3a833e-b144-4e18-b3b7-87a0a2580c10,["#-1:ff6c6fd1-5eea-4576-92e4-6127255fa996", "#-1:8092035b-964c-4be5-85ec-8a0680a5f2f2", "#-1:0e28fb9c-0305-4b88-9c16-6b2287ad438a"]
1f1db01f-b250-4b70-bda1-1803efa1d33a,["#-1:8a4247e8-e4d6-4590-b34b-39137002a834", "#-1:393ae693-f0c0-4773-b763-4fa17722db75"]
1f7b78e2-b359-4368-8a94-c79bb248bac4,["#-1:ccc01f21-35f4-4e9e-bc66-97531a0073c9", "#-1:89a8c3ff-30ee-4633-acb5-5c71603fc087"]
1fc35381-673c-418b-8f9c-5cb582f5f9a7,["#-1:85d2350a-4492-4f72-8e9d-8862ebd35a2d"]
200c5061-224f-41e8-9a1f-f911f7737c33,["#-1:f493a848-93b5-4fa1-ae61-0b065cf99549"]
208ddd4e-dc0a-44d5-afee-05904bc5d932,["#-1:04385c26-d365-44af-824b-d0655c1f1da6"]
216cda18-55ee-4961-93d0-7224590928c9,["#-1:8a69b786-c56c-4e80-97af-9e9a5f9a050c", "#-1:b1c20881-3c38-48e6-94a8-eb2b9190934b"]
21f2d94c-67e7-42bf-b2fa-e024f1af1bfe,["#-1:a30ee288-a337-4f66-9ad6-fb29ffbdb605"]
23e33950-1b31-4b36-8cec-ed225f0e53d9,["#-1:a7ee87c2-b274-4587-abf5-3d4b53c73ded"]
24ca72c7-4470-4656-8c43-1141c0a68da6,["#-1:2a766766-d3fc-43f0-b1ff-f5d9fd31b060", "#-1:5fc57842-ba8c-41c2-8c9e-7fab92025a93"]
25a37559-7249-4fe0-bfd9-97007b9f7c5d,["#-1:08c72d0d-bea2-430a-b3ae-84deb00b3a99"]
26b3445a-951d-4554-b5d7-06bef6367788,["#-1:76a7bcb2-6aa8-4c90-9bfc-8da7e003dead"]
26c34dd5-4990-495d-a794-2f184621edc3,["#-1:76e1a2ce-4142-43ca-a8f4-8d1f10b8c9c0"]
27dc03b5-42ba-4612-a93b-a30e9fa11add,["#-1:f18c7b6e-a0fa-45e3-8024-0f927934f902", "#-1:7fa61281-9b14-493c-95c3-a0f12f9b8c23"]
289a95fd-eb9e-43ca-9744-c7750a2dbb0f,["#-1:4d742167-ab8d-4654-98d7-ba5a44ec8e45"]
28b90da8-e634-4666-8e89-10d1f5c74846,["#-1:28289fe0-1167-46f9-b834-90490b58eb7e", "#-1:1fb4d9ee-7577-4057-a79d-227c8b333517", "#-1:ce4a7fa4-8018-413a-b3f9-1d889732be3f"]
29093e58-a376-4488-b02c-96e97490d066,["#-1:96cd5799-c81b-430f-96f3-c6a9fc148ef3", "#-1:20bec5dc-dafa-47f2-bcc1-c73ac169ea78"]
29994a3b-91f3-45af-a95e-38c0f2ba7b5e,["#-1:3c151cfc-e16c-4a19-8799-566bb54544b0"]
29e6bb98-ef14-4333-920b-0cd42ff58a96,["#-1:c94052a7-1334-454b-bbd2-2dc1f0ee047b", "#-1:d8e7de23-1879-4de3-9191-674a0e0b552c", "#-1:e69e3fd2-ddf7-4ad9-9db0-e128ef0f2d60", "#-1:c938dec6-6077-4fc2-95cc-ffb6c58e9490", "#-1:90f1a830-aa4b-4eac-942d-e4a0cdcdc0b9"]
2a4f883e-faa8-4e33-921f-02772aa2bf32,["#-1:04c745f9-4a72-40b2-b177-7266cc53aa12"]
2a67de80-0e3a-40c5-8ba3-a1e61ec22635,["#-1:1d017337-778e-4634-8602-0e3ce579a5c1", "#-1:72c51cde-2e84-4962-b78a-bc4d448fadf6", "#-1:fcddb048-f522-4295-95e9-6aee909fb6cc", "#-1:d89b59db-aa7e-46e9-acbb-85da4ba7cf02", "#-1:ce430618-c095-42f8-9851-65a440b65b1e"]
2c0a6d62-f7a9-4154-8ab3-eeda0d3d53ea,["#-1:aac13150-1e1a-479f-a4f0-26cfd3c178cf", "#-1:6e4df527-e6a7-418a-a909-d42feec080d9"]
2c6b7290-b64b-4085-a005-ca03a8c23c4d,["#-1:d8055d36-f012-4889-b001-a2d32a37a247", "#-1:cbeb1098-3a50-45cf-9284-61482d725dfc", "#-1:1e3f7f78-d8c0-4fac-9b01-4dccdcb25c09"]
2d9715b7-2ac0-40a5-a88b-3eaabfdcf6bf,["#-1:d354219c-99ac-42fa-b08d-1760bd21115e"]
2daf1e4c-2a9f-4b8c-b0d3-1beec10ed15d,["#-1:240b9614-7e37-4c61-aa1f-de3082e07424", "#-1:e379f60a-f0a7-45c1-bc71-5a87b07f28a1"]
2e3320ae-9900-438a-af44-86d7af1abd65,["#-1:caf56496-d0f9-42ed-9427-cae114a835e0"]
2f436e44-277a-47ab-a185-43e3b1c8a926,["#-1:ee823734-079c-42fe-a98c-c441dc5de0a9"]
30dabdd0-6c8f-4c18-8718-38cb4619061b,["#-1:3ea05f63-6e69-4792-a219-22ece3ce8a3d", "#-1:9438d730-2f52-406c-85b8-870c493768a9", "#-1:82336af4-db89-4877-918e-4877bd4e20aa"]
30e36e69-1c92-47dd-8202-86ffbd6d3fd7,["#-1:dfcbcadb-7de8-4fca-92dd-959516b0a019", "#-1:f705102a-1760-49d7-aee4-7136145eaa21"]
30ee0cf1-0b53-438c-8154-c1356061e57c,["#-1:c8d3a6e4-2a46-4d1f-8833-07014f4cbe73", "#-1:543f0402-3bf0-4aa6-98b1-941e43531036"]
3163481a-c029-4f79-b462-d5687da886dd,["#-1:dd9adf01-266d-42cd-9a77-53faf924b7f9"]
320223fc-89b1-40bc-88a9-4b07d012da47,["#-1:bc4a8d7b-1d46-4c0b-8f8e-af1fbf6f7310", "#-1:94f95bdc-f0f0-4666-96ef-2304ea157644", "#-1:0b8e082f-5b6c-440d-b466-d3083587feb9", "#-1:b19991cd-26f9-4953-89da-8e886c336f42", "#-1:39f86371-8aff-4043-8f91-eca93ad72208"]
32cf16da-3094-4e10-8533-5efdf3335ec0,["#-1:22776b83-6e3f-424d-a686-f6edbb6385fa"]
337958d5-7bb9-43ab-8019-f5ebd98172ab,["#-1:6cdaa637-d2fd-4da2-aec4-2c2fab931e2f", "#-1:d39534ab-d429-46c6-9a1e-9753b9a65c90"]
33d33e92-a497-4908-9bf1-4007aa79884b,["#-1:e8e2a5e4-bc62-4f84-9dc8-fbb0156e40f8", "#-1:76a7f948-cf3b-409a-b616-414806cf4a5e", "#-1:12c9b357-ec36-4920-9352-9e968d43ac02"]
351fbcfe-6298-4071-bdd1-2e327935b819,["#-1:a283f2a4-0095-4959-9327-98bf161046da"]
352392db-0d74-4632-a156-6154d7cd877a,["#-1:dabddef4-a374-48f6-973e-7c6f3d5b5e0c", "#-1:0c3cb9ba-88b0-4d26-84cb-8258ff534259", "#-1:6ef4ea3a-8293-4865-a18b-2f6b93977878"]
352cac01-53d3-409b-bcc5-962081024d06,["#-1:b390afe1-5796-4e69-8723-07ea2e2898c7"]
353c1e9e-fd92-4a50-ac27-7ce15a1aef24,["#-1:e12ef778-33ef-4e50-b61f-1cb81e509c53"]
35dcec5d-5286-4e33-bd22-42708535b5c8,["#-1:7da5bdba-30f6-4039-b3da-1eddb63fefca"]
35f71628-fc0e-4af8-b591-e614ae663ed1,["#-1:abf50b03-8e07-4fd2-abe4-9b32faf47c94"]
360cab15-4cb7-432d-8797-f44680e6a2b0,["#-1:6bb5164f-d3b2-4c4c-9ea9-7c3b94518143"]
364b89ec-619d-4dba-8b55-589c2814d622,["#-1:f999a8eb-c8b8-42de-b555-d519eb023d5c", "#-1:b860910e-fca3-446c-b9ce-584ef28cc20b", "#-1:0da2a98b-15b6-45b0-ac50-23b82c50529c"]
3690c771-01da-4841-8845-73118c942d54,["#-1:e41a5082-f93b-4325-8b5f-a95d20a050d7"]
369f05c6-ded0-4adf-ab3e-426deb83bb48,["#-1:fcbbe13e-6877-426a-af8b-08e2232519a2"]
36f1d282-d82b-4f34-9811-4a80aaa06cb5,["#-1:cb094253-f84c-4fb9-ab1e-44d2228dc656", "#-1:9c7f5cd3-2b7a-4395-a95d-6f8cce4bcbfe"]
379f15df-8f46-4d32-a8ce-8ffa41130098,["#-1:65be7687-1177-4ce8-9f43-16848d268e1b"]
3820dbe2-878b-4ab5-bc23-b5596002b673,["#-1:1e39e052-c14b-402f-a6a8-6e5fb10329e9", "#-1:91ec2403-b76a-411d-b759-4f9d426161a8", "#-1:d611d280-6256-4e7f-a1a0-90dfbb2a43c8", "#-1:2849cf86-d75b-480a-a03a-3ac1ca0c2eee"]
3827c334-1d70-4973-b288-0ad59d6b914b,["#-1:0b48f5f0-4bfd-4c88-a2b2-ea3c116dfe30"]
38fa907e-772c-484c-bab4-8227025e3b49,["#-1:9fe1a5d2-ce44-4bec-b975-5e3d4a072afa", "#-1:47563dc4-a322-4c24-96f2-84055b11e733"]
3a8199cf-84a3-4d89-8e4b-3b754fc811af,["#-1:03784252-6c35-4533-9ddb-f52137b9bd13"]
3c88e28d-e9c2-47b8-afc2-7b7f37379495,["#-1:8675f5bb-c8e7-48f6-aafb-cab14ae3d06e", "#-1:d82eaef1-1421-41ce-9ae9-929641b0cd9b", "#-1:a0e44e4a-b841-4df8-a6ab-45681f90b3f3"]
3ee45790-0310-43d7-a21b-167465513cbc,["#-1:bfc03d6d-ce09-4723-ab80-94b8fb8a5ff6"]
3f9c46ff-abc1-479e-a71e-eaded61544be,["#-1:966427fb-f4d0-4da3-876e-a3eaa0bf7e3f"]
3ff15322-56cf-4d2d-b742-077372b53bcb,["#-1:f41e7bda-61c2-4de9-af9f-29c520b8a311", "#-1:1a69cadb-d18c-4c32-93b0-42615083e824", "#-1:f13434fa-c30a-4fd9-a518-6d63aa7513cd", "#-1:35c58994-747c-4e7a-853a-b5de6d248ff0"]
4079fac3-5a5c-48e1-b171-d09393a78fc9,["#-1:def8e14e-d628-48d0-bec0-a1cdc239c1b3"]
40ee781f-40f4-481e-b9d5-c2e9b9b98b3f,["#-1:759917a8-b4c0-48ab-b04f-c44cb92cae8f"]
40f987a8-d9c1-4dd7-afc0-411db8e88357,["#-1:d70da666-a662-4d65-bd05-5f718104bd70", "#-1:fcaead50-3aa4-40ea-9279-96604acae21e", "#-1:a96739e4-32ee-4391-b35e-9f9349afbdd4"]
414bc4eb-e648-4dff-8379-785cd671dc18,["#-1:4080bfbb-9d5a-470d-9a55-0f604efb03dc"]
4206f555-0ca1-4d7c-9ce7-cfaa61565a94,["#-1:f6edfb00-f830-455b-b828-da52910001fa"]
4254c9d1-a799-4a17-909a-225059e42af0,["#-1:c38159fe-f5f1-428e-ad14-f4687240bfa5", "#-1:310cbc94-f82c-403c-9a42-a6eb5a569ec2"]
42711eeb-4404-496f-af34-08dbd296f298,["#-1:c7405088-b26b-49e9-a4e7-ba48c381c1b0"]
4329bf44-8029-482c-a2a4-6d2502715ad4,["#-1:4ba61039-ed1d-434d-9f69-8d5ef4e7395f", "#-1:c5b32d67-1b9c-4a5f-97a4-595cc7ff4764"]
43890181-f7f1-4ac9-b5ae-75fe34bd576f,["#-1:029aa30f-ccc4-493d-abdb-6ccaa9e84fee", "#-1:90c2bee8-56e8-4165-b83a-8ca96b51642e"]
43a52adc-0332-479c-9e4a-f2642ff64db8,["#-1:6d8f766f-4566-4b41-a2cf-d96cb8174bb5", "#-1:99f8512f-1c76-4fcd-858e-f7f021edc875"]
43e1c548-f5bd-4696-b916-8f2420bb4c59,["#-1:5283a72c-8904-4f8b-a12a-1464e8acb513", "#-1:475c5084-27a4-4e92-889f-7d142c78e198"]
43eb3ea1-64a8-4a44-b99f-eceee74963ee,["#-1:0c4ff3ad-c94e-4c79-8efa-180937ea7df3"]
440eed78-f2a8-46e0-84fb-935b7a722faf,["#-1:de977b4b-342e-4f82-b318-0452fe693aa0", "#-1:d835ced7-d020-4e40-abd7-26869904bc67"]
441995e6-e153-4e40-af0f-d0eb20ddcfa5,["#-1:045d972a-f1c0-4648-95c8-b603f0a292e2", "#-1:e0d4f80e-eec1-4bf8-a54a-cf392f6b8515"]
44de3046-3c13-44cb-a9e9-e8925109a316,["#-1:d7a90720-9539-47ef-a9c1-91513da0677e"]
45af72c2-29c2-4e1c-b95e-6f9cd0c39ab5,["#-1:3c755dd5-69c9-4cf7-9e0f-7ec0e9fe480c", "#-1:6a231c01-29a4-4428-914e-d6f2dfcc049b"]
45cdd9e5-784d-4d72-8eaa-7bf541f8d111,["#-1:817ed4ab-1bca-4b17-8f3c-a77e5f61db41", "#-1:5dbb5541-b90f-484c-a4bf-91aa34cb8277"]
475ef09f-dd58-4a62-8c17-b3fcaa8c5223,["#-1:057dbb4c-f1f9-40b8-a9ea-494cc355f99e"]
47db5f09-a0c5-463a-9ac2-9248a4a228a2,["#-1:d6183f69-832a-423d-aea5-65e93cbc2620"]
4951409d-554c-4050-9e47-c8f393f6cd88,["#-1:e1157e95-e58c-46ff-8df6-8c96d1187d1c"]
49c5da74-b725-475e-a6b5-024685ac2658,["#-1:93d9df62-3918-4518-ad2a-48a5131eb32e", "#-1:3bb01bf8-4918-4640-bd9c-b962c65e9274", "#-1:13f10988-2d6b-4080-be1b-771d9a74e377"]
4a00c3b0-8542-4034-accf-a39d3f760d43,["#-1:57956b88-cef3-484e-8bf3-cebfd4e14ba5", "#-1:c7b89532-4a60-4f7c-b565-34ddd9e6dfe1"]
4a485e4d-2d2a-4ddf-ba9d-efdcf0a51670,["#-1:a08a0384-2b9f-425a-9ace-a9f79a890d9b", "#-1:56dbd1b8-6448-487f-909c-c5717a5ac1a4"]
4a5ec3b9-73fa-4531-9f7c-764651dbddee,["#-1:6ad1f835-db81-4ef3-9a07-a7528f57f5ee", "#-1:ee196dbb-7465-4ece-917d-ba30ce9a6ce4", "#-1:b8f4fbcb-059d-4d92-b83f-48f3120ebc0c"]
4a9cd29f-25a0-40e1-bedf-d6f76fa34563,["#-1:99eb64f6-4ecc-4428-8dc5-481cf6a2de5c"]
4ae39e96-566b-4185-9cc4-2d16c98bdc9d,["#-1:181a7b54-79b6-4f6c-a91d-f7c8f42f6355"]
4b3847d3-1e4e-4380-9438-b5bf09915aa1,["#-1:3adc7017-1995-460a-a73b-89f681cf85c7", "#-1:85847993-c3ae-460c-acb0-82a692c474c8"]
4b6708c1-8535-4c4b-a25c-05a94fd73b3b,["#-1:f0b5c455-7103-4341-9155-480a189d8517", "#-1:3f07aee5-80d3-43fe-bb2a-51fd23d31cf4"]
4bc34075-c7db-40a9-9c7e-920c0d401a48,["#-1:32966de1-dbf7-4e5f-8089-dc2b918aaf38", "#-1:f69d40e4-6596-4896-b7ab-d2ed6d8dd391"]
4bf1369e-8c86-4889-a1f7-611901c2aee2,["#-1:4682e1a6-5f24-4e14-8754-6dc5c0f0f0e1", "#-1:31001aad-e26a-4a74-91dd-c652e3a3d314", "#-1:e497fbe0-5040-437a-8b91-3856e94e4665"]
4c2b3b06-a6a2-4c1b-9734-def3d1f849d8,["#-1:66facd91-e281-4331-bbae-04ab8bd9746d"]
4d04a07e-d1a2-4a59-b27f-99a5fb517ec2,["#-1:07a485d2-6e8d-49ad-81f8-ed0bd41fae47"]
4dff85a4-93cb-4ea0-9422-bee089e4fcd2,["#-1:85e74af9-a718-4a3d-a03f-bd68d2dbb913"]
4e161903-1da3-4a54-897b-cd01a202ef18,["#-1:8004025a-9a6b-4ffd-8cb7-b8d25398355d", "#-1:035ee565-0782-4764-8d23-e20bb7f1f1ce", "#-1:57152b79-0b3b-448c-8136-0d111e20ef7d", "#-1:30e8f16c-d8f1-47c1-aa56-cc76b652b400", "#-1:47481eeb-64a9-48e2-8e64-d04084b392fa"]
4f66c084-4f15-43d9-9f95-0350f4179ea6,["#-1:5a98d39f-780b-47f2-b6f4-dbc2ac9121d8"]
50136eba-2902-466a-ad94-d96b351c9fc2,["#-1:37b6995c-f44d-4c21-bdcb-51dd4823178a", "#-1:52cbb54f-1299-4451-bb60-36c89e6f9e57"]
50b20112-cb8b-4ef6-ba49-d4320a25e0e7,["#-1:6d8dde23-c11b-44c6-86fe-cad3a5ffe81c", "#-1:b8ef3aa8-47dc-4493-b5cc-58a6a258bda4"]
51d2ff1d-1bcb-41c7-ae33-83db088b2545,["#-1:16fa34c4-15d7-4e95-8ffe-dc7a4c51f6c3"]
51eb8a16-8058-46eb-952d-f2a88399b092,["#-1:5e6c8412-9a69-4f85-8526-7d1bf479db4a"]
51edd15d-9e4f-481a-ba10-de54bf033b0e,["#-1:d502d2d5-0da7-4473-9a3e-c069c0e04943", "#-1:1361af77-70c8-453a-9aee-21de6be94a41", "#-1:fd31379d-c4db-4969-9be6-97c004696124"]
52a25ac0-47e1-4f5a-9ae0-93c1bfc9b90d,["#-1:250fdb6f-de70-48e4-8b51-ab3053a08773"]
52df1065-3f92-4e4e-b255-d2575f9bd8b1,["#-1:4adc788b-3616-4ca7-969d-02a092cc01df"]
532d7c54-633e-4fc2-a59f-a3d18df5d2be,["#-1:718eec15-3486-45e1-952f-e18eabb699e3", "#-1:2d57d598-669a-425c-a7c2-6d4d51faabee"]
532deaa0-8d18-4f36-80b7-7a01ea290ce6,["#-1:0e218acc-6440-4a75-ac53-fbb67a2e4abc", "#-1:3f675df7-dc76-48ea-b556-0b34b775c71a", "#-1:2d2738c1-7cac-4ba3-8237-7d3235d785c2"]
5341cfe5-7677-4cfe-aa86-2347d2c3d88c,["#-1:573c2a46-41b4-4c68-8130-173e4e3d488f"]
53aa2dc8-1861-4faa-8d25-3847c8e392bb,["#-1:4e8373ef-5afc-45ed-8abf-09e4d5ac6b67", "#-1:3cd51cc3-e934-4322-b218-d7986a228a0a", "#-1:83d4eb97-c2b7-45a8-8df7-a8482b577066"]
54db046d-a9d5-4713-89c3-0888cbb6b60a,["#-1:d360b6d3-c083-428f-8e82-d038b8f8dded", "#-1:2f50bdfe-caf7-412e-bdfa-ab15e0b1daf0"]
5523ff85-e4ed-4c63-8e88-054e355e8c60,["#-1:904982e4-5b4f-438c-90b4-356a7d9a8985"]
55440080-bfe6-4e1d-ab80-1d578feec6a4,["#-1:b05c82e3-23b3-42f5-a2b9-08a63cb942fb", "#-1:ef2ac391-ab7d-4636-a8a8-0a36a574be4e"]
559b4ff0-ab0b-4bb3-beea-fd8180385098,["#-1:4ac35eda-0820-485a-bcc6-d6c1b9ac1ba1"]
564d3099-bc58-47b0-849e-74261b183a85,["#-1:8a9bdaae-8c6b-437a-8b52-31c235933d56"]
56bd4bd6-4a3c-4bec-aab6-aea2d3370399,["#-1:77b534bf-2325-48e5-a4f2-b40eae05f559", "#-1:d77df59f-8968-435c-a275-c86de21c07af", "#-1:49ea0e00-8e60-4865-9f62-5028eff1c18a"]
57274520-1025-41a1-ba18-9d8c61a67fbb,["#-1:e983b6f1-7d9d-445f-931c-e234da539205", "#-1:90f39e5c-ff0f-41f4-93ee-0f0a778ee23d", "#-1:0bcc6eea-90a7-4876-bf28-857ecabb145b"]
58fb18c6-070b-4d74-8ec2-d68f1e71d01d,["#-1:8c888be5-96e8-4faf-8daa-746af6263787"]
599a8ce2-c4f0-453c-b951-105fb1067e7e,["#-1:41505623-2123-4cb5-833a-a931c31d946a"]
59a31b23-daa6-4bed-a525-04a5943c5367,["#-1:19665a28-aa71-4536-9580-98c2ea5fed38"]
59bebcbf-a8b3-48f0-befa-b7557abb7e9e,["#-1:8f734e34-8407-4356-a8ac-997da98c09d4", "#-1:73ac3349-82fd-4e2a-9222-595f85799844", "#-1:08ef7aac-c84a-4996-bc9b-5695afb84a77", "#-1:073b5d6e-a14b-4870-be3a-99570f5b4f02"]
5a4a0e0d-a626-4599-b853-8d4c1fb84adb,["#-1:036d539f-74c4-45f2-84a0-0c672569d5b8"]
5aa15346-c717-441f-8cb7-08e3b4b7b827,["#-1:d0238ee2-173a-4d3e-bebf-f371da2ed633"]
5b2934e0-b8fd-4f39-9287-15c201fd4c08,["#-1:2bc2d18e-9d51-4386-b809-26e338f1e702", "#-1:a6ed7286-b4e4-4d08-8a3c-cb4f06e65eb6", "#-1:1f58a96f-813a-4502-9f19-db04b5416d3b", "#-1:5a10d833-3817-49fd-a3ad-0af7032d5a21", "#-1:ce2058ba-e040-4db7-8ec3-d790adbc0695"]
5c171476-d835-47fd-8b5d-fe6548e84ea4,["#-1:a6034d7c-ad61-4d47-a1c4-015707504ce8"]
5d152a6f-dae1-4eff-9338-57120576d6ae,["#-1:22913537-7bfd-4a06-a270-6e6022eeaf9a", "#-1:e177d4ef-c00a-442c-955e-eab0e552f062", "#-1:390b66b5-f0e2-4046-8381-b3e48964a243", "#-1:61a0b99e-7703-41cc-9684-ad36f8669400"]
5d372878-06b4-49d2-bfbb-099457fb694a,["#-1:b67eba9b-44d2-4887-896c-5da1a6eaadfa"]
5de2ca5d-43b5-40f7-9278-b9f9d532fa52,["#-1:f461a88f-3ec5-49c6-b293-6dbfc748c9a1", "#-1:f96c3b09-9478-4279-a9b0-dde003786f08"]
5e6e4a4b-969f-420a-93f4-1a492a75f0f9,["#-1:2845fe69-a0c3-472d-9116-e97c36d2c692", "#-1:6b818cdd-abd3-4b6d-b417-0b8db4e3279a"]
5efa8b7c-d30d-46a7-ae55-6bab3baf19cf,["#-1:3638eba9-d21b-410a-88ee-c4a0adc727f2"]
5f08d679-bd5b-4388-95a1-004d39761ce3,["#-1:0e64963b-4068-40bd-9188-1a0d40c5467e"]
5f0b3c7f-806d-4622-a671-5d23ee09c827,["#-1:2a0b69d3-858a-49e0-9b6a-e1cf21eb55bb", "#-1:c0d36e26-24d8-48fa-bc2d-2dc8db9f3519"]
5f31acb6-cb86-4488-af6a-f6d2d4d3a4d9,["#-1:282f30e5-e13d-4d58-8bca-2a12660c7168"]
607eb58a-5e7b-4467-a1ea-ebaca1b23251,["#-1:f3aa4c25-7da8-4661-8fa0-105aaf67ce1a"]
60a47f44-2a5b-418c-ad59-acd8572bd02b,["#-1:e53ce124-c9fa-4e79-8210-f369a1011f56", "#-1:a6a13662-76d8-4b4d-97b8-41c961e624b7", "#-1:be8fad81-0990-444e-9747-298237829870"]
61b314bc-e57b-494c-b1f0-24ec0a347f17,["#-1:7051dcfa-0ae4-4a0a-87d7-ea7474d33f72", "#-1:32efad16-ba57-4340-91f3-51692a115993", "#-1:f6ac8246-afed-40eb-add9-ff426374571b"]
625ffce7-65c5-4657-9104-4148b4113130,["#-1:4b6983f7-ec6d-4d11-9e4f-9c12c47dd998", "#-1:97a4fe9c-b405-4187-ae9f-24cbb5fa9d64", "#-1:a54c0425-6247-4f1f-87b1-147e73ff5255", "#-1:224b57dc-60c0-4fc8-a6ab-ad594824e66b", "#-1:a8f28178-4795-4f26-84d6-1791944fb245"]
63780a6a-e67d-4943-8847-83b824dd810d,["#-1:0467f36d-afc3-41ae-b87c-3c73624b861e", "#-1:e2926105-30e5-4188-aaf5-b4521bace803", "#-1:f9479a5b-585a-4787-84c5-46377c927707"]
6424a0d8-3807-4527-83d8-c5a817146c5d,["#-1:d53b484e-d301-4a54-b995-403aac1bd4b0"]
642867e7-9bf1-4702-8d81-b8097c7cd38c,["#-1:d7fb53bb-2724-49ae-bb01-963d3a6d0e83"]
6436d7ab-5492-4bad-8403-ed871c604057,["#-1:93893e45-bf16-49f7-8a3d-61da6be39abf", "#-1:c85a2468-4750-4e39-baa2-c8d824ee5eb0"]
645626f5-429a-4c7a-aa2f-3bb47dfdb08f,["#-1:1b7ac6dc-8f45-4373-b5a0-933111044ba0"]
65ad6ca0-4d9f-46c3-9423-24429c84a424,["#-1:7422787a-24cc-4d5e-a9b4-7229f6162f29"]
6600d905-9faf-4ee3-8d44-223e9bc4dfdb,["#-1:f38934ea-7530-401b-b354-bde0e9a2de71", "#-1:ff79af0c-fa1d-4edb-a7c8-6d629f7cbb1c"]
6642cbb1-ec65-48e1-9ec3-6d68bb98e59f,["#-1:d92cd501-c86e-4ebe-8548-ed8c2f03163e", "#-1:5460ec48-795d-439a-a29d-f4017ab92e61"]
667cfaed-a0b8-420b-957b-d498acf28857,["#-1:a31dc40b-3101-4598-b07c-6a91e65552a8"]
66ee1170-8f45-43ec-a392-426aaac31f7b,["#-1:f0ab7f62-c838-4df4-99b1-ed6306aae04a"]
66f5286d-82fd-4f9d-99d9-30517830b9ea,["#-1:4df8dfbf-a747-4cbf-af9b-20410f32660a", "#-1:39cd3d6e-ffb9-4ed5-a859-e1d2cdbfa7ba"]
67463e7c-93f7-4c08-b65f-9bc879ec80a6,["#-1:fa84089c-3389-4c83-8b8b-266fc23b4c84", "#-1:557729e6-141c-476b-a44b-fe5179ad361a", "#-1:2d326412-5246-48b3-a4b7-fcab472fd1dc"]
695a226f-09b0-4dd3-bd89-34a85f6244f4,["#-1:8573c882-bb18-4b11-beed-972d6a2de10a"]
69a3a452-8984-4c9a-baed-99c8ae6ac3a2,["#-1:ec803359-4b01-41ad-ab70-88ff1baabf40", "#-1:61810171-2ee7-4540-a28d-47eef731a02c", "#-1:e0e60416-ef40-47c3-be40-0cb0f3678c67", "#-1:f5a6f67f-9051-4eb6-b365-019f32f817fc", "#-1:921d25d3-46eb-463f-8b6a-c8ebb1623bb0"]
6a8cec60-d824-484e-a42c-cfee9c43fb62,["#-1:e8295eb2-fd1c-4268-911d-8026b95b5e18"]
6a9b48e5-0c62-4490-ac4e-1056519aa089,["#-1:1f33b45e-5615-4ed2-9638-63acf17123d5"]
6aa3ac7f-d1e9-477d-879c-693fa34f8316,["#-1:72a109bc-4c9c-46ad-a2ce-e3ecbfab0de8"]
6b519695-afa7-42b7-950b-1817ff57975b,["#-1:e41d3103-d28c-49b5-98df-0ce3809c0789"]
6b9e6788-f99f-4edf-a419-e4e698821aa5,["#-1:39dfdce9-d90c-4ac1-8462-060d83b73ecf"]
6ba3bf35-2d88-40be-9832-917e70b59b44,["#-1:3bba6478-a1a2-46ac-8d92-6fee384f3d8f"]
6bd835ca-b7bc-4b43-bfd2-12237cf8aeb5,["#-1:38cd0db4-f1b0-424c-a799-d2f2b59e0150"]
6c596cdd-fd3a-44e3-ba8a-3deff75209ee,["#-1:4448672c-0b96-477e-919e-c11fe7e0dca3", "#-1:4e367429-ffd9-4a23-bc77-e74ff046d5ea"]
6d6c357e-30c7-4b70-b820-c09c0330a870,["#-1:1609979e-57c1-45e8-9c80-85304084f8fe", "#-1:45e71787-ae89-490a-be8d-c1300c8c9629", "#-1:19f780d2-8d40-4719-98ab-1bbac6293791"]
6d999cc6-36d6-4c9d-aeea-daf75092f12c,["#-1:73ae91e1-e72c-474d-9f61-f4f5f1cd6148", "#-1:c8b0d37f-9bc0-4403-8886-dd8453ea9003"]
6d9d1f9b-c42c-44a5-ad3b-986f61b39bbb,["#-1:a2c6562d-0aac-4d00-809b-8afbc19ea65d"]
6de39b73-b0e9-4346-be47-d37f5b029899,["#-1:9054edd0-5660-4e30-838e-9abd8e2edf57"]
6e2c4bef-2309-4ace-9c76-983bac0255a8,["#-1:ed7cf321-5749-4b6e-b189-73cdda158b6e", "#-1:7802637c-5183-41e7-9b5a-265e47384dbc"]
7002339b-8846-40ad-a1be-8b837008e2aa,["#-1:42db1108-cb47-4044-804f-80e7f9fd9d4e"]
7083104c-f8f4-4ea3-843c-983dbc772a6f,["#-1:505daa98-d83d-4314-a0cb-9798c4e9a937"]
70b84b0d-e9d5-4b40-b8dd-aef24ac338b3,["#-1:fb3a27f9-0cbe-407c-a9df-570991d99b85", "#-1:73e0ee3f-0258-41d3-97df-1e8660574388"]
71efa523-4abd-4b3d-bf4f-c3979ce7fc76,["#-1:08442bd8-19a9-44a7-a696-32559184f45b", "#-1:8513888b-b121-4139-8bc6-020031d1d615", "#-1:7051a5cb-0b31-4d4d-8045-9cd2dfa1f8fc"]
7295c9de-1b69-4568-a410-6df0efb66b08,["#-1:6c6bb4b1-3db4-463a-ac00-5f3941800d82", "#-1:c3d09af4-ddfa-4ffe-892c-12de683c9c4e", "#-1:1862374b-a07f-433b-a5f3-3796658781cf"]
72c847d4-a857-4993-a7da-f524d3c5be91,["#-1:c87c94ae-bc2c-4a0b-a30a-b5328b6dd001"]
72fe9757-f4a8-4e6f-8f23-504aeb6ee2f0,["#-1:35f2b4bb-e67e-43a2-aecd-6a05fccba3f3"]
736a5bad-3e29-44dd-a0eb-b201157882fd,["#-1:d9ac230d-10e5-47db-a1e8-297983425347", "#-1:6b668d67-1cb4-4c00-a76e-3d6667020a3c", "#-1:9b966b65-5df0-43e0-954f-127322afd209", "#-1:d2bcf4bf-99fe-41e4-bcd0-e31f7b9947fd"]
73838035-ff73-4282-b82f-0efbe2a5183a,["#-1:cbd9e052-24e2-4664-b8ec-cfca460acb6e", "#-1:621106dd-dadd-4d2b-b4f5-cb1a69f019ca"]
73c169ec-d1f0-42e0-81fb-31f07a6abca1,["#-1:b917dd79-8e41-4655-9b52-a65a3558b258", "#-1:30ccb60c-0f27-4d4e-992b-75f7a74fcfcf", "#-1:4591fb12-622c-4aba-a901-33f1e417b533"]
73fae141-1ed5-44fe-9c9c-06381e01e4f7,["#-1:f97fd602-ae28-4a8b-905f-97ec4eef4713", "#-1:4ea9adb5-144a-4634-ae9a-3a2583aac7cf", "#-1:8f79a5ef-17f9-4ba9-bb3b-f7a3af402f0c"]
74a6f1eb-a808-4e1f-ab52-4e1fa4da6e14,["#-1:013fb817-c5e3-46db-abd1-17408304ce8d"]
762fe81b-62c3-4ffe-af16-3858b0225388,["#-1:06fe7e0e-0dcf-4fee-a317-5409ad9eff5b", "#-1:7a8699ce-03d5-4f97-ac2d-62baf7a9ec22", "#-1:ba927fc7-cc41-4fc9-8b7c-be7ebecbd59f"]
763d6708-825e-4b8d-b812-2f8e95da181d,["#-1:67173307-7298-440d-9436-e5aff052593d", "#-1:bec56750-524c-410c-9cd1-c4889cdc2f9d"]
767c94f2-ed95-4967-a7e6-f0badda74572,["#-1:c10b0297-cf1f-43be-b27e-6126722eff5e", "#-1:996ab111-d5b6-477d-aa8d-fbbb033e0729"]
76b5e3ac-739b-467d-b87d-a86bcdc52ec8,["#-1:5e9fd803-f76f-4303-b694-680f32225b60"]
776e95ea-48dd-4b17-b609-b8eb83c0cedd,["#-1:7ff726fc-6445-41a6-a2ed-99ccc39a5663"]
777dfbc3-8003-4354-bce7-935d2253a0ed,["#-1:7a0333f8-4975-40af-a6eb-a164f9af9dbf"]
7789d7a5-fa96-4fc9-9727-e26ee40ca45d,["#-1:d4412dc8-ff5c-4a7a-940c-63080f0d370c", "#-1:09885774-674e-49ff-8f68-b3e54432144f"]
7830e3c2-3c7a-4cfb-bbd1-eb2585e3bd0b,["#-1:24a14def-35dd-4010-9f5f-5eb44249eb97", "#-1:cb478331-07b8-4c30-aa13-346a842db6cf"]
783fee55-922c-4b37-8474-49bba88f0d0e,["#-1:e6b3b1c5-012d-48a1-99b2-9159e03552c4"]
79fa04bb-cdfe-46e5-8c39-d4482f9e9659,["#-1:5ed9455a-e361-47f6-a431-2a4ec259b560", "#-1:5a4a8275-e86d-4dde-899d-36699d324fac"]
7ab09a23-c5b2-467b-ae1f-d40cdde3d820,["#-1:a5a9a436-a4f6-4476-ad9d-6f1712912175", "#-1:6a7117be-94b7-4858-9ddb-7ac78bcfff32", "#-1:139dfe46-f084-4fcd-a4b7-2b653432bd4c"]
7b143398-ccaa-4faa-b429-2873fd0b11d7,["#-1:4d1f593a-df2e-4b0e-aa0d-2ff41c79d38f", "#-1:d1a074ac-b1bb-4f37-babf-eb80523c20bd"]
7b1b39e5-954a-418c-9ed7-03285444ea24,["#-1:552046b6-e16f-4a58-90d4-bb2c3433ccb4", "#-1:de76c447-443d-4f2f-b9b8-5132fad2baae"]
7b56b02c-061a-443f-8977-17ad3f65f9cf,["#-1:a1e01065-1f62-4a52-b4ce-7dfad17b952f", "#-1:b7670364-21a0-4b7e-a4a1-6d6bf6f75915", "#-1:9414b3a6-d1df-4a4d-bf5a-c8e29e812130", "#-1:1758ef34-1345-4445-92ff-81d85d394295"]
7c6302fc-1882-49b5-8228-10eec8616806,["#-1:bc81d57f-82ba-4cdb-aec5-e40c87dd54cc", "#-1:859d764c-1d6f-4ac1-afae-0bee3e36dedb"]
7d2af5bb-4ebd-4311-9f80-f0bcebefd515,["#-1:d91f74e0-4f41-482a-bb21-613ffb173f2a", "#-1:1694b09e-12d3-4d37-bd9f-62ad93fccca9"]
7d4bf24c-7908-4e35-80a0-2988591fc22f,["#-1:a415fb51-a2a3-4a83-8bb0-eb908f858fc6"]
7dc94e92-e338-41d6-adab-7f51fa92e3cc,["#-1:47641784-7b69-4df6-9eb1-c4fd88457eb7"]
7dda77fa-54a2-4692-8540-e366c427392d,["#-1:8879edb2-28e3-4c37-814b-5bcbe9aa4db5", "#-1:dc9918ac-eb1c-4f57-abee-4d2d60ab0bba"]
7e5139cf-656e-4072-8397-b284f70837e0,["#-1:42e62f39-6396-4c72-b52b-20ff41167042"]
7e5791ac-4cfa-4718-b1ce-d56cb6fb3137,["#-1:7deb9631-e568-4714-8a0a-6740e07728dc"]
7e7120ae-b806-42a4-abfc-a58d5652b331,["#-1:ff17890a-a33a-4418-936c-ffedfdbdb115", "#-1:608293c8-c31d-43e1-bc8d-676f0d4aba79", "#-1:e9474c03-0a53-4c4f-b3c1-0bddf6c8ab13", "#-1:ad1209dd-b934-426d-8d7b-e0bbdab0e108", "#-1:894e5ad2-160a-4fec-a6a1-ad5e97c9ffff"]
7ea3a710-5b42-49c2-ad44-c440220ee8ed,["#-1:88a1c299-ac66-46b8-8daf-03eb7d9bfc0c"]
7f43b995-0f0f-4fa5-ad3b-6f196f7434dc,["#-1:d39035c5-c493-4296-976a-da81ad606945"]
7ff7b849-4d76-4f9c-9861-dd835a9ca588,["#-1:0070926e-c4b7-4cb9-baaa-a50200a0c7cf"]
8014ca6e-48d6-4fc0-a827-240d579ebe65,["#-1:52928840-b4fa-4a99-b2d1-7d41e292ba57"]
808e05f4-3151-4437-9845-4994bc189ed0,["#-1:bded71df-6e3f-4120-879e-d5bbb35e4e44", "#-1:afabf83d-cf4e-4035-92db-16641801816f"]
80bab998-48f6-4c24-b989-9a6643ae4ef3,["#-1:74a8962c-6b04-4a7c-895d-a6046f25466b", "#-1:cbe25e8a-bb2b-45be-95c0-64596fdc8197"]
80c48dda-707b-49c8-9ff0-f30be0df5dbd,["#-1:cdc24ea9-4b2c-4a2d-bafd-b5b02786832b", "#-1:e43cca65-897e-4f3d-9853-752e6b691933"]
80e30814-8597-4818-ac4f-e078866c15b3,["#-1:e15bffd1-246c-4860-bdf0-bc49b3875b1d", "#-1:1f6e2433-c7b0-4c8e-bc67-bac0b2bc5993", "#-1:c08e2b1c-a640-4148-bd18-380df917050a"]
8106c960-6510-43b1-af25-b3c91388c598,["#-1:59c285d6-a60b-4e3b-b8c1-1a415814442a", "#-1:016f5dae-a5d3-4aa7-9ce2-55e1ac4429b2", "#-1:6e7bb57a-c117-497c-9383-ec216acafe61", "#-1:d1108dd6-92f1-4970-9cd2-912857e84b72", "#-1:17cbacb0-d3fe-45b8-8627-2cb9afedb0ab"]
81e47a27-a3f2-41ee-863e-36a27b36e510,["#-1:ae2369d0-c38e-4732-8794-0963db8f2ca5", "#-1:ed22acb9-bd9a-4741-b587-96edb71423e9", "#-1:c930a772-2aec-456e-aa3c-6cee41ceaeea"]
81f0a4c5-9ed2-499d-9843-9769a8254a61,["#-1:4354dc03-1dd4-4659-88ae-ed814f63ef97"]
823ec864-1412-462d-84f7-1faa6e67e86c,["#-1:6d5743cd-a3e8-4f3e-97e6-44751798fd79", "#-1:2d7b9e4d-7ba2-4cbd-a4f0-57f4c3da1307"]
82f3997a-668c-4663-9dd6-a0a298f14d00,["#-1:9940304a-16f7-45a7-a77a-bdbbe5f6aa6c", "#-1:24a89126-1a36-4305-b0f5-0a60e349ead1"]
832712dd-5466-4fd9-a57e-06f21712e123,["#-1:32a7b5dc-ed63-4414-bdd0-68828379f68d"]
83e85005-33ed-4dc9-8d3f-228cf0449930,["#-1:dd0b02d6-c908-4a3f-915e-16e3e5447224", "#-1:8a08fe07-4e4f-4fe6-9b63-1300328a24a7"]
84d4215d-f2ff-489b-b814-39d4e60eb783,["#-1:e489db16-120f-452d-a4bd-b84a9c75c17e"]
857d35ea-c877-4dc5-a4cd-e6ffe001e5a7,["#-1:cd2c2ed0-1ad5-4c23-be62-96a0bbe8d1ce"]
85f9b683-713b-43e0-9f8d-1c21d7525ca0,["#-1:dde7a6cf-4265-48d3-be4d-2c8a66c9a19f", "#-1:51d2e1eb-9496-4cbf-83f1-4f16b9753a12", "#-1:0d8eb146-5d32-4bcd-94d8-8a0e0b785ddf", "#-1:50d7fadc-3bd6-4abd-9991-9b939e479e21", "#-1:1074c0b2-ed9e-4178-a544-f8664c926313"]
861f8d83-388f-485f-982d-ed3f28ff0bcb,["#-1:2d304157-a94f-44a1-8c7f-44f9256c3af1", "#-1:388176d7-e14d-4d5c-a510-2b39ccbfc25b"]
87422129-7471-437b-bdfb-366f8b7dc4a2,["#-1:88e4839b-9b50-49f6-bfef-f723cb3347fe", "#-1:a08da85a-5677-4a75-a5ec-921e602b03ab"]
875121ce-2945-40db-b876-d93fbc10bda4,["#-1:f2fd8e0d-09fc-4205-8c3a-bceb0b30b3be", "#-1:467a9aef-b8c5-44e8-9423-52ef7121920c", "#-1:6dffaa7e-26a3-4ec7-9e00-4a047f538420"]
876e190a-0dd7-4b53-a23d-9c6635e283aa,["#-1:b6a724ae-55df-4c85-abea-362c31a253be"]
87cd827d-9164-4f58-a93e-dae6654b05a5,["#-1:bb72c0fb-c355-4e3a-987d-aae6dc114fec", "#-1:447f1438-b304-4d6c-b92c-0cc0dc7aee87"]
890468b3-52db-42bb-b928-3484d797d51d,["#-1:0f69ff24-c511-4a55-8bb7-036151ca63b7", "#-1:d8bd71aa-f5be-4d8d-8fb6-ff84a75fd7ac", "#-1:ad3d37fc-3ff3-44fe-9716-7f9d9ec92c0e"]
8a2eca9e-2e8b-410c-823d-5745cd4a9f88,["#-1:2b7e98f2-c115-4e2f-b3fe-1a95fac7d969"]
8af50732-cb04-4d4c-af7e-042b2f480f6d,["#-1:cb6a3fd6-6af8-407b-9e10-b41cc43fbfc0"]
8b4266aa-8718-485d-825c-a6635e291d4e,["#-1:48d3777b-40a0-454c-bd86-567ce7c0ebac", "#-1:b9ded460-9854-4bde-97ff-b01fe42e2fe4", "#-1:cd31e840-ac2e-4195-9209-7bafd8cad9a2", "#-1:796c2f90-9047-4f99-a2dc-5282995fb743", "#-1:1240cc13-9422-4672-a861-d975450787a2"]
8b6e841a-d9e6-4b0d-ad7d-935807539c7e,["#-1:e649949a-6854-4c71-9ab3-a176ed8b91bd", "#-1:e0cfe958-c013-42ca-87b7-7810b0dd90c6"]
8babcf59-5140-4141-b760-224589e60521,["#-1:8a79a8af-362a-4782-bfbb-81e58a78daac", "#-1:d8f18e8c-d9be-46e8-bf3f-3803bab0b175"]
8be7d46e-70d6-414a-8ecf-a6137bf30ab5,["#-1:490f2ca2-978d-43a1-b803-85bb7f672eaa", "#-1:cf6deeff-e6ff-4c33-9733-d35d999c3642", "#-1:8b742429-5449-4d0f-8b4e-07d0f6e4f089", "#-1:8eff1085-718d-4b4f-9c51-f6e6c8a45824"]
8c3acad4-a39c-4b06-958b-35181f21f89c,["#-1:fd34d1d3-8c38-4bbd-ac4e-acf5280216c4", "#-1:140f0bda-644d-4f71-b5b4-52b9be71114c"]
8c62df71-6a6d-4805-93ee-256bc1e951b2,["#-1:9216f12e-a918-4679-b88f-41147683236b"]
8cf5d57e-d250-45f4-a282-33e44f9d7472,["#-1:fea86cfb-2a68-4c78-92f4-2455acaa19b8", "#-1:dae2a006-ab2d-4cf2-b785-1e47d6d9838b"]
8d3c1a17-4451-46dd-bf3c-7f84a64ebac4,["#-1:77b9cb67-8a9a-4f90-9b85-9eb156c55ff7"]
8dac662e-5ffc-469b-ada5-8e0449b5c502,["#-1:83de94de-09ff-4f5c-8a05-74ebb2b98db6", "#-1:966d0900-3d0b-4e6c-ba67-a8cb5c51248c", "#-1:80d0fed8-cdf3-4788-b0e3-b42b06c90ce2", "#-1:166636c5-1225-4f67-8f3b-9de6bf0a334c"]
8df78ab7-ca49-44f4-9fc2-1427cf850964,["#-1:035c60d5-eab4-43c9-ab1f-920eca60a16b"]
8e51a7bf-7819-4c8e-87fb-17b5aa1e0f39,["#-1:fd677fde-2081-4af4-9f5a-192981a68431", "#-1:277298ad-2d52-4e66-af1d-fa365b3880bc"]
8e9801e5-40d3-4a77-963f-9dc0ee6569e3,["#-1:50a3bfe6-4a6d-4675-9b01-8580925178a6"]
8f410d14-ff38-42a8-8ce6-bf893ce46037,["#-1:4b738649-d523-4a2d-8679-5b582314a93f"]
8f422668-5672-4295-a47c-53b1ae121158,["#-1:d6420aec-fee7-4dbe-affe-462a946af4c8", "#-1:d4091ff9-c157-477d-a3cf-c0db8addac60", "#-1:e099ef46-c8cb-4a69-9583-01b575775c33", "#-1:1b7079a3-bdb1-48d3-8d22-c4f5b6bc7a19", "#-1:955be8e4-c396-4522-b44f-9fe753c03fbf"]
8f73e1cf-c334-4f3b-aa08-78d25a9722f5,["#-1:c7ad6d1d-f834-4257-9936-4e324f1f1672", "#-1:aa7fa6f6-018e-4470-ab3c-430c077d8749"]
903321c1-e049-4230-924b-3dd8ed583a3a,["#-1:fb76c03f-4791-40c1-a2dd-eb8520a1faa9", "#-1:3ab4c675-25b5-4582-9d16-8162feded230"]
90943a84-8068-4515-941a-36140d7e3e64,["#-1:e83ff002-b337-4d6a-883d-0fc6165e5a33"]
91ff0556-3e3e-45c9-90ad-93e5fa61e2e3,["#-1:7bd883f4-f247-402e-b283-d621647c48a7", "#-1:1dcbcdce-ad34-4c8f-bc38-b8be12bfd0e7", "#-1:0e9cea10-0991-47b6-868e-3e36217601db"]
92627c19-0ecd-4223-8905-eb0702ea898c,["#-1:f98fa166-e049-4bd5-97a0-da8182ca480f"]
9297ceb5-87f1-404c-ba5c-0d0a7adc8c52,["#-1:53c05b5a-fd71-4500-826d-a63eb396b254", "#-1:7a2c4eab-20d5-4e40-9c6d-232e9b17bfdd", "#-1:08f30d97-02ad-49c7-964a-2c88390b8ffc", "#-1:582927ca-f2f7-400d-8eb0-0dc404068563", "#-1:adaf035c-85fc-4f39-a72a-3d0be2342757"]
92a92614-cf76-453c-8c12-5ae46e06e3e1,["#-1:023e08c2-5e1e-455e-b397-76a0842d8212"]
93d405dc-6274-4bac-8830-a5b647569c3e,["#-1:e0565e52-003a-4f8a-8c6f-163e80550f1c"]
93e5e4b2-705c-4f22-b4d9-f90b1bae9900,["#-1:10d1e1f0-e6a6-4ad3-a184-56d3941aceb4", "#-1:8c9c6ffd-728c-473a-8e34-2d37191a9a34"]
9448ddd7-f090-40c2-a05f-f75575c91245,["#-1:6e29b8f0-228e-4e13-9258-f8bd99b6d06e"]
947bec57-c9f8-47ad-aa45-37cb9be6c798,["#-1:0e7fca62-ad3b-4f07-8ce1-089ce176d4b6"]
949caecf-d9b2-45f3-8a90-dd2085bbfcec,["#-1:5549abb5-acc6-4f92-a5cd-a1b519480f06"]
94e0dcac-a49d-47ac-ac89-fbeee49debf7,["#-1:ebaa608b-75ef-42f4-bf90-519bbabb29f2"]
955d7281-d616-42b9-b7ab-03607ab08371,["#-1:e7e10119-d7bf-46c8-ab4c-7fc30453fa58", "#-1:ed1c9647-ff66-4e1d-bb1b-21073daf0ab3", "#-1:c86904e1-d8c8-4fe1-b39f-1ac6f7b75904", "#-1:d724eff6-d228-4f94-b4ce-51e67de6801b", "#-1:c25c1b49-1c5b-4ea8-8f9f-fdf994c41104"]
959cb699-ad52-46bd-8562-cfa46d74928f,["#-1:c9a0d9d6-847b-4ce9-a1e5-3b2afbcbf55e"]
9607755d-b0d0-4ec0-b43f-c511de04f59f,["#-1:d88dc922-f197-4f8d-bbd4-cdb43dfd9021"]
96770f68-d78d-4a2a-8b73-43f95ffa3129,["#-1:f7e8d235-74bf-4ef7-bcdf-d79e14afceb5", "#-1:2533002a-ac3a-48c7-8344-647ccae80b2a"]
9738b42a-7360-4763-8895-0e84599b4d60,["#-1:3febdb39-a85c-4ffd-862a-b7102daebc10", "#-1:4338f702-5e5c-4bb2-ba97-85be9accfafb", "#-1:ffeb08c7-f8c1-4bd1-8ea7-a64d9fb0a6d6", "#-1:898f080e-40e1-42c7-84a0-05d7a3a7c5c3", "#-1:7feea0e0-d89e-47b4-98e7-836da80b44cf"]
97713572-e46d-4b7d-8aef-05d3bbe183dc,["#-1:dff79e04-5033-4d74-ac6d-36b87614bb76"]
97abcbdc-22c9-4c8a-872b-5f2f4ebb0e29,["#-1:be542b90-7afd-4cfe-8a63-9cd94de46931"]
985daa54-23bc-4f8c-87b3-8e3766415e06,["#-1:2aaf7b39-0f19-40c0-a2b2-837f3df89088", "#-1:d5b32d91-1a9d-4369-a43c-a78b1156d926", "#-1:5bb95bd7-b94b-4ecf-8b39-381ed46f550c"]
98aafbf4-e316-425d-a5bb-6bc17ddc7776,["#-1:af4dfdfb-7ebe-49cd-a72b-7bc1f7324414", "#-1:c6ece5b8-67da-49e9-8d13-e505e94200d5", "#-1:1122082d-8a8d-4d2a-b4bb-2d82eb574e4d", "#-1:54b69ebf-4380-42cd-a0ae-2c74e3bba101", "#-1:5c85d86a-855b-4a7f-a977-e1c4e1c76ad1"]
99640603-d515-4c2a-8c33-db456e5b5535,["#-1:55e1469a-4028-4acb-9349-62c165a6556b"]
99ab16fa-344f-4db1-985c-f723a799da21,["#-1:762ae0a8-62d9-4b4e-9b87-32ae5a0beeec", "#-1:4d798997-09d3-4c25-9db0-52a526f8e5ca"]
9a450bcc-058d-4fe0-be99-aaa6371ad2cd,["#-1:92c6996e-e4da-4394-9a19-f0a4469d6a3d", "#-1:bf9bf60e-1227-4006-9ee6-91ccd54bf3e8", "#-1:27094666-e0fb-435e-9ced-37034c7f8da7"]
9adc0ae9-f4d1-4084-b78a-1ee0ce83b3ab,["#-1:fff04f6f-1219-4003-8190-4fdb512cae55", "#-1:67086994-ef16-4d8b-8924-c32f100f6178", "#-1:b73ec874-5e81-4451-8181-fdbc79712652", "#-1:773aeeaf-0881-4344-9e9b-846c3e3737c0", "#-1:132bae00-88e8-4fb1-80e7-ab30a53d9224"]
9bee00dd-ea65-456e-a2e5-dea97ed9c486,["#-1:12bd5d95-af42-4df1-b861-52540274bb75"]
9bfc95a6-cd10-4120-8446-0f3010051c6b,["#-1:1f9e408f-a277-44ba-8681-924d8dadc3f8"]
9ca5e12f-f73f-472c-99b3-8e74c01272fe,["#-1:247d7153-ba7f-4012-86c3-2d6b9b7e9730", "#-1:878ee284-26b7-41c1-b7dc-47e528d71504"]
9d4b51a7-8af2-45a6-ab8f-9c36639171e3,["#-1:1c19c096-b7ef-43a5-b848-78854f6d8709"]
9d610935-81e2-4438-bc80-9c6b9379f226,["#-1:6aed3700-f681-4b10-a400-ca841d32281e"]
9d880e01-f28d-4ce9-86bb-698db5a26d21,["#-1:10575045-4682-4bfc-93f3-57e12a2e1276"]
9da30e27-baf6-4f5f-9b70-f00b5dd45a2c,["#-1:f1bfbe1c-b5b1-4589-82c6-b428085e127b", "#-1:1f2390e0-a96c-469b-af02-30c0203bb964", "#-1:60d7bcf0-be57-4338-9fbb-09b2dbc970a4", "#-1:322797e4-9b29-427f-b659-3341ade1584b", "#-1:715bd918-bfb7-4de7-8048-f5114c149847"]
9dbb9c42-aefe-4501-b243-e9f88c4f61a4,["#-1:efb112ab-ea97-4648-a7bb-b203945feee8", "#-1:e1bb7ce4-46d4-4260-b931-f784cfb691f5", "#-1:73117df8-c7a4-46bf-90f5-40f7ca39b128", "#-1:ca019a9f-f76a-4763-b70d-8213fdaca91c", "#-1:184a3891-3c1e-4e8c-944c-07bb5f154eb1"]
9de54504-da45-4476-b742-0a633856b7f3,["#-1:38adb57e-bf28-4511-b517-d9ad98e59fe6", "#-1:b329a9fd-610d-41e5-9728-7c2bad293798", "#-1:ee4a019f-8aaf-4a65-8242-b5bddeed8b8c", "#-1:ba66809f-e762-420b-a71a-e262e549411c", "#-1:72ccff24-8e4b-4b41-851c-28eb26838d4a"]
9ec87ddd-5d9d-41b1-b831-b19f5dd47e8f,["#-1:6bf1248e-936c-426d-a933-2882f107a0a0"]
9edf5fc9-4ffc-4b68-8dae-cc1ca97b41f3,["#-1:efa0e091-a821-49e8-b504-cca305d34efc", "#-1:0eacea05-4f51-40f3-9c40-d224f18abf91", "#-1:1ef65ab7-4cb0-42e6-933f-856efc1b8d48"]
9ee3d03f-a00d-4a46-b88a-eeb857a937a6,["#-1:3e534e3c-d2ae-4a9b-8061-dcc4f37ce75b"]
9eec9654-7969-4790-a16e-c2c16bb0c961,["#-1:6bdd5309-3fa7-4604-a847-00a9095d7ab7", "#-1:25f8b360-381b-495e-9aee-5c31b277c98e", "#-1:73ba03e6-16bf-4b29-8142-0532e087005a"]
9f309a7d-e211-451b-975d-f25463fff535,["#-1:134dbc88-2a65-42eb-bdab-89d32415cf47", "#-1:76e9f86f-70ab-40c3-8072-731bbc9e9486"]
9fa641f5-aac4-48a7-9e23-cc83981f5b87,["#-1:e6b45469-6b84-49d0-82d6-ca18bd4bcf52"]
a033b4cb-5ec3-4780-a4ef-5cc479367980,["#-1:59bf9176-3b5c-43fc-be1f-f0810799a482", "#-1:9c931247-b9f5-479b-9cc3-2cbd2eca7eb3"]
a06225c6-4076-4c8a-b0aa-f9ea4a2f8fd6,["#-1:09c1d455-d9e1-4e33-aedf-c0a821f361b7", "#-1:d127466d-3990-4a58-8b58-1670cb7359f1"]
a1441770-8bb4-4b23-8c05-c243b34050d1,["#-1:0e3e363c-a81a-4821-bb69-35872d77581f", "#-1:5da95cf2-a485-4e49-9444-d7fe9401a619"]
a1a04472-308e-4c63-9eba-28ae00fb426c,["#-1:c02ae60c-0f89-4f4c-8e23-c6df0d66766f"]
a1aec670-550d-4abb-bd10-dadfd29f6635,["#-1:8c6f24ed-6585-4aad-acc0-748df15529fb", "#-1:93d1650f-726b-437e-8261-9fbca614914a", "#-1:3152c29a-e85f-45aa-aca4-4970e4ffa9dc", "#-1:9e3ee7ee-16d7-4f25-aa83-3734e4c978f2"]
a21013ce-d5b6-49a0-a7be-91166817cf6c,["#-1:c75f1503-e83b-4b1b-b0e6-ed3f315cc57c"]
a3645153-27f5-4b8c-9e3a-bc84cfd7c653,["#-1:f2480c08-1569-4441-9e10-a7f10dda24c6", "#-1:65a69be9-a33c-45a9-a6c7-60bf2eaf1af7", "#-1:143f3cdf-100d-4f02-a871-f964a88f7fbb", "#-1:3a8f96aa-2921-40b6-aafe-19d93e9c762a", "#-1:814c6005-9b83-4ecd-9ace-a4338f3203a3"]
a55e5ceb-3ee4-43ea-9893-8c9394e436c8,["#-1:6270ca6f-2292-42f9-913b-4ffc1deb5c3f"]
a55f3313-8f2d-40b7-8566-723924868ef8,["#-1:7bd2854d-6057-436e-a441-5750a4b23554", "#-1:afc1b37c-c1ba-48eb-94c8-9bc63b6a9230", "#-1:52c9eb3c-34f1-4ef8-8a1e-1b479ca0a752"]
a65f5b2f-3ce9-4019-bf17-38e197a652ea,["#-1:01794b25-7b4e-4834-968d-c4bd7196c860"]
a6ae9c3c-c787-47e0-abf0-d610533dc2a0,["#-1:548e8ab0-83be-4f5c-986e-646215ccdd87", "#-1:e4669a1b-2019-4a84-8dc2-c08608393ef8", "#-1:6db1304b-0a1b-4074-8533-a9a557649be2", "#-1:f4748a81-f1ce-4c63-b92b-571fb125ef8b", "#-1:97d24cf9-e8a1-45f9-8cc6-b6cc1580e991"]
a889ab21-690a-4a7b-91e5-81f3e79d0ff1,["#-1:d22684fe-4527-466b-a731-b05bf74e8e27"]
aa321b94-f3d9-45cf-b1ee-f3a1fe38da68,["#-1:429df297-9a4e-462a-a377-ae4cd47eda24"]
aa47b8a9-39e3-4a8f-8ab7-717dfe994ec9,["#-1:92c3174d-ab3d-4b0c-a67d-473e4d287041"]
aa54ba78-924a-45c7-a182-d8d100b3d130,["#-1:299f8f5c-85c1-42d5-9896-4ff07da6751b", "#-1:d38962d1-1f9c-429c-8711-d466f3efa3c5", "#-1:e8fce4fe-875b-4c40-9de6-77ba54e4e1ec", "#-1:c4c4f698-c380-4a47-bb64-b82191186e47", "#-1:be084f41-d9ff-4969-9574-ace00651db1c"]
aa6004a0-dce5-4a51-87dd-9efcbf1abd8b,["#-1:ba2336d7-65b1-49b9-bfb6-d29ed26648f8", "#-1:8d1758dc-5ae0-400a-b152-72e80befffcf", "#-1:79cdcd95-e4a5-4353-8118-5d837fa15b98"]
aa7337a0-2a49-47c6-8993-3e31dfc29af9,["#-1:da99e66d-40e4-4edc-9892-490414a04064"]
aa73aeaa-5b9f-4c19-a29d-2ee4bb6e333c,["#-1:fcddd156-12ef-4b28-8d5e-5bc97f07c77d", "#-1:f556ecd5-fcb5-46ed-8639-51ddc4babf3c", "#-1:9729ac82-cd82-4e44-b417-4a4e12104a91"]
aae39450-f882-42ce-a9d6-f8289720d3b8,["#-1:74d73cee-a935-48e2-9b0c-75c0dfbc219d", "#-1:8b200171-cc9b-4d72-bbd6-ee4d5d418858"]
aafb8ca2-c233-4106-a5a7-36dff0af242e,["#-1:66f8682f-362f-49dd-8e0e-c3b9ba93bc7b"]
ab02ed9d-74ea-4fc1-8935-9e5396cf94ba,["#-1:59550636-05a9-49cc-b46d-9ccedaa6d1b4"]
ab3c6be5-b196-41e0-8dac-118c6ee0b6a7,["#-1:ac6fb679-9e38-4592-81f3-8ecc065d51e4"]
ab462860-55cd-41c4-97b1-1bd896a14d2b,["#-1:57dfbba1-30f6-4568-b2e4-02a8a97934a9", "#-1:d87e1881-b62b-4fd7-a0b9-50baa5bd6728"]
abe0d010-6809-4a4d-9ae6-ee7f320f699d,["#-1:4a00b491-52e2-45cb-ae01-72137e3fe6a4", "#-1:0890a904-295a-4684-991e-5bfabd668f46", "#-1:275f37ad-3297-49f6-82d2-57406a713ac1"]
ac076280-1985-4063-9bdf-0ae052d4cc3f,["#-1:91742cae-fe10-45ea-8105-672a9daba086"]
aced56bf-7f76-4307-b842-921d9846754a,["#-1:9e43518f-a24c-4daa-86b5-b70544c3857c", "#-1:9285e81a-c942-4aed-a90a-0484c80808ba", "#-1:090cab99-ebc8-4f2f-9bd4-a95fbe7076e7", "#-1:fa244873-63be-4948-b083-595a983b9350", "#-1:8b05468f-8637-44bc-bb5b-d7f5f0a8b288"]
ad608a8f-ab02-4c09-af66-693b27c7476c,["#-1:0ce39d77-d32b-472e-a7c5-ea525cdcf4fb"]
ae536348-d795-4096-9a1f-c6c22ce2484b,["#-1:477e8a60-859a-4e2c-8c00-e94e5a7f27ea"]
ae84a2de-1619-4b79-a24b-a3e88d27dcab,["#-1:48cd5aac-fe30-47f0-b83b-fd655d1d0fa7", "#-1:49e1e219-d501-491d-8ab5-1de50b5609b9"]
ae8bd38d-0bef-4f6a-8ffc-b828ee69e3c6,["#-1:c6d6c8a9-2eb3-444f-bda4-d0476fc9e249", "#-1:876ff815-8938-4bd8-8a9e-15f2dc48a7da", "#-1:81af07b1-64ed-4116-bdb7-cfc14ff1c2a9", "#-1:f71c53e4-8157-49cb-b327-bc29e85aef66", "#-1:c62af049-baf2-49fa-8e3f-3fedc8020c86"]
ae8dcac8-c426-4334-93d1-d8ac43d1e561,["#-1:22c659bc-661f-491e-a991-ebf5e26541a6", "#-1:32468d3d-1f52-4d23-aba4-27d3b31e5803", "#-1:fd862714-8664-4031-a852-d5c2606d5c0c"]
ae91f8d5-41c5-4c48-871e-744b8283706c,["#-1:392bc906-689c-4aca-af4c-85775e862203"]
af26c607-3f9d-4a37-8d4d-a809bfccd1f6,["#-1:c42e4695-42cb-4958-9642-ffb6788d2f64", "#-1:21b56b75-9b57-4986-9f58-9f1e28c2c979"]
af2e1e25-2772-484c-8c96-84e89e97b467,["#-1:595b58cd-488e-4d47-8bef-c51bc014d0b1"]
af374848-7bd9-44f9-bfb8-4c087a74d016,["#-1:58cd9388-b44a-4dbe-aec6-85d3f0e2dd97", "#-1:84951a88-f1b5-42a0-b848-bd9160c75b73"]
af614073-0139-45cc-82d0-97e02af80b2d,["#-1:0a694c97-d1c4-4b8b-aa49-781ec2d8476a", "#-1:234b8763-8699-4669-a8ab-31a66a257551"]
afc551b1-5a25-4289-8ed8-1b390847ebc5,["#-1:2415b61f-84a2-4fec-917d-e1931d90f837"]
b0e9c2b6-1965-4b1b-9d6b-c0ac8dbb5821,["#-1:0ef756fb-f84d-4f42-a34c-15dcc12e2b78", "#-1:0db894e1-82c9-4aa2-bc44-c85097e7be00"]
b1d58e4a-b781-41a2-a685-cf803f14d38f,["#-1:30a30a11-5a98-4429-bc5f-7295a02a4062"]
b1e02c99-d2c4-4546-8324-74fdba3844ad,["#-1:b4c2fc5f-18e5-4715-8791-c7cad7b08331", "#-1:cabff4a0-d99f-4581-ad88-f8a70a346c75", "#-1:ad800edc-ca74-4d0b-bdd6-a62d6d8d01d0", "#-1:6321b4e6-4c58-4c07-9ed3-ff1d86091d06", "#-1:de7b4d5e-e8a5-440b-a8c9-05d2872fcc28"]
b27293ac-f32c-4b7e-aec1-636a41e7ab65,["#-1:2514ca03-cdff-48ff-b0ef-c854280d2a14"]
b28b0b0b-aae9-4b21-8d8c-e2c9dcb7a6cf,["#-1:00de545e-9fb5-48e9-9735-9d1910a6ce12"]
b2abb784-3097-43bc-a2f2-f8f33a8f84ed,["#-1:f408115c-bcc9-4cc3-b497-a2f95de59720"]
b3973923-b7f0-4468-a356-4533636240fb,["#-1:06fef9d0-34f3-46f1-89a8-bff278526d55", "#-1:7be5de7c-e16b-4f81-beae-34d0380bbcd9", "#-1:51cb2ddf-0af7-4c3c-997f-811745014941"]
b3a0e872-a456-4cc0-9f60-978a50a045a3,["#-1:2ab98614-f8b6-4135-b841-22bc86e266aa"]
b4e7b9be-9d47-4ec1-b133-50d1a1587e18,["#-1:237ed315-ddb7-4cd3-9a54-691071b36148"]
b522f43a-5cc4-4782-951a-761d6375f43f,["#-1:6758ee05-4956-4670-a5e2-50a077ec3730"]
b5bd6adf-2f77-4ef7-9d98-ab861ed2e40d,["#-1:3db8dd0d-d547-4f79-989f-c5140053a097"]
b5d743e4-1553-4de4-bcac-6898a6896c4a,["#-1:ddff5586-fe8d-43da-8e5a-d699f949d770"]
b60f3a8f-9f79-4965-b7fd-a5ac6ab4aec5,["#-1:35dc23f4-c4c9-465b-bec0-dcd2613f6b1e"]
b7f97742-860b-4152-80f6-4fde0fdc6ea8,["#-1:cfb54666-f333-4e73-b5b4-fe7ceaa3049e"]
b8a69d23-0082-4113-bc5c-b3d0262284d7,["#-1:a1cd163b-cc06-457b-9314-ee9d18bcc996", "#-1:cfeb423c-9cc7-4143-ba77-f9ac6fc6c4d5", "#-1:bf442a1e-d90b-44e0-8667-7096ebd94a49"]
b90d6799-a2cb-401c-a1bd-8e1ec2204268,["#-1:0863a31d-9538-40e6-9648-d5476aad9d87", "#-1:257027bf-2761-4f0b-88c6-697b4e8f67f1"]
b92c1c42-bc69-48fa-b5c6-7bbd2635a15b,["#-1:e98f47f3-1430-4bab-bd66-cd79564e73e6"]
b934b0a8-4891-4cf3-b418-a9566c7ef074,["#-1:a5928744-4f39-426d-9cfd-970f568328c1", "#-1:4a2e5eb4-484e-42ee-a542-a2fb76141386"]
badf5098-f878-486f-9446-e6fe5daa4a10,["#-1:a77c94c3-976e-490e-95eb-416abc851133", "#-1:62ccaa2f-bfd1-49b0-8cee-842c5bddcf3a", "#-1:3e1ec0ed-3aa3-4f6e-b51d-d97dc97ec224"]
bb269f15-62f5-496d-adea-7d94f2367dd8,["#-1:659033ed-0e32-47cf-b7d8-daf86c9f2884", "#-1:1336f4bf-ba55-4efa-8dd6-8d165b3e6b4e", "#-1:3af2c3eb-3bf4-4cc8-b4ab-0e42a51e8309", "#-1:0390755b-877d-43f6-a637-74d418aa1280"]
bb26e0b0-996a-42cf-ba23-b62c3335e5fb,["#-1:31ca01e6-2b03-4467-95aa-efc05bdca056"]
bb6e4b4f-dae3-4b5c-bb1d-57c3471ac75c,["#-1:7e2c54a3-d802-46e5-91a3-12b7071ab0ce", "#-1:2ffb6ed4-565e-413d-8df2-da512f8fd320"]
bbca6b99-9b08-4c26-8fd6-477be7515ce3,["#-1:931f1699-2b32-41f1-8b95-b75750c38fde"]
bbd84674-f75a-4409-84cd-4b2ac8098cd7,["#-1:9c20f31a-ff09-432a-a7c2-112e13acb739", "#-1:255356f2-baae-4958-aeac-2a8aae481fff", "#-1:7aab87b4-08f4-428d-8ce0-a6ce4dc9607b", "#-1:b6c9cf1a-d53a-41d7-b44f-fd1b95e5940e", "#-1:6fe4ab76-2f9d-41b1-bdce-b4b35a739a80"]
bc299a87-a0c3-4391-a12e-c727e6190232,["#-1:18276fd3-49bf-400a-ab59-31e58e0e6039"]
bc29a020-25cb-40f0-a8a4-578f402bc7bd,["#-1:79cb6ab7-5530-46bb-b739-e57bb3e61832", "#-1:c9979c32-3784-40e6-a25e-23add5466c39", "#-1:0628cd2a-178b-47ad-a1b8-ec6b872f7b81", "#-1:c5b1375b-0f28-402a-b57d-f58b050f3aa1", "#-1:d86e6ee1-48f4-40f8-8743-8c8313d2b2a5"]
bc39588e-5337-4d8a-88ad-6c240599003d,["#-1:404997f3-cc01-4d8a-8e8c-cc124f24838f"]
bc93c507-b193-4eda-9a76-f32ff878b47e,["#-1:d06eb724-983f-49e5-8c89-340fe8118cb4"]
bc9e592f-8d40-403b-a990-1c47587acedc,["#-1:15ad1c57-c2d1-4a97-9e74-47ac2c324c10"]
bccb900b-ec1a-4fd9-b2fe-e77b133c8585,["#-1:9ee3f53c-1d9c-4e53-acea-fc6fc2578170"]
bce0bbb9-ca87-4c0e-8c5c-d82417bd7cf8,["#-1:03b9f740-78ab-4eb2-aa39-9b24ec7bf244", "#-1:cb4c2ac7-c701-4518-9243-ff7500d26308"]
bd159ea7-9075-4a99-a5de-4c16b7daff03,["#-1:bd1a4acc-711f-4a75-80db-3dac63f631b7", "#-1:4d7dc19c-15c2-43bc-aace-85aba2be8746", "#-1:1c073044-58a9-40ba-8941-7393efba9cb1"]
bd3ebb2c-3f72-459f-a2a6-2ff054ea96f2,["#-1:a350908f-5fee-49ba-b576-282ff513fa0f"]
bd577981-6113-46c1-856c-3d692c39f277,["#-1:e8a0ae0d-16d7-4fb9-b86d-a994e36f4404"]
bd95ee62-02c1-470d-a455-ac7610cd619f,["#-1:215697c3-3aa7-41bf-adc7-0daa3d320dea", "#-1:a85c77e0-1678-41a3-97dc-7a7bf2eb4712", "#-1:c19db5b7-c548-40b3-b641-63ebde34b011"]
bdbb6a39-a21b-4893-a4c0-e3170fc6ea11,["#-1:f9815547-4e61-4bfa-a811-6d0809276508"]
bf31ce67-c6d6-422d-abf2-4959ef15c63a,["#-1:af189cb9-8955-482c-8760-8654deddc700"]
bfd438f8-83d2-4bb1-889d-2797cbcee3a3,["#-1:57eec593-1358-49e3-a745-22c410a24c36"]
c0145078-9d5e-4ef5-b491-c926a2b57edd,["#-1:23f0bb60-739e-4ea7-83dc-45af143097dc", "#-1:e9ef3a32-009f-46fd-8eb4-19bfed764fce", "#-1:4d50b20f-b6c3-4e04-9f47-ed08c79518ed"]
c199ce65-f577-40cc-bb6a-767f62b31dd6,["#-1:65233ed5-2c0c-4e14-919e-16c07cf940d3", "#-1:9a824959-7d85-4f56-9a60-d54bf0c31faa", "#-1:cb0054bc-9607-4482-852b-547df69d507a"]
c203d4a4-d47e-43c6-b030-10dc06fd0dfd,["#-1:de9d4c0f-573f-45e1-b917-a078f0217bf5"]
c253a5fd-6156-4b39-98cb-b3b11c93b25a,["#-1:1fbdfd79-8ded-43a1-b100-9afe6d58809c"]
c27a096b-576b-4fb7-9fb2-7f04feab066d,["#-1:59be51b1-b5f6-4f1d-b7d4-a8cea8789049", "#-1:bdb85be4-661a-4a6a-9f56-fbff53833e80"]
c294843c-93bc-4500-a123-bb9c17897330,["#-1:dbac82ad-07d5-4dcf-94e5-4443dbdf143c", "#-1:463b266b-6e57-470f-9f7b-9c2d3f19746e"]
c2f7c036-aaf0-4a95-9bf4-3cae57b6e7d5,["#-1:83f81087-b419-413b-aa3b-7f2ea89f7e8d"]
c50370fe-64b9-4997-8ad7-77f1d43957a2,["#-1:a6946b2d-79bb-44a5-860b-30e1d35ecc75"]
c519a1c6-e64c-451d-b6a6-198182719679,["#-1:129b1e0a-92f3-4fa6-9699-e325b76dee9b", "#-1:ea67bc5b-1b01-4aad-9c16-12344c8531a8"]
c5a4dcc9-dc47-4143-aa67-aae914699008,["#-1:45578564-581e-4732-85ff-064770003132", "#-1:3e96b830-764a-4956-9c41-8dd244027bfb"]
c6558720-eeef-43f0-bd86-2f59afaa2dca,["#-1:8f613885-eec2-4b7a-b34e-f775c5805170"]
c6f82f1f-0479-48b7-a2a6-deb0d9a3acf0,["#-1:c04665f9-395b-4dd8-80ad-94f6d8669e5c"]
c72b4d7b-fc9e-4318-ad69-70db8b828e1e,["#-1:96898fb7-2d67-4b5b-bb97-5e06b12f3f5a", "#-1:db5e24db-0afd-401c-bf83-026c561a408f", "#-1:2903fe53-95bd-427e-9d67-4e7e0d6c46e1"]
c7599953-97f2-4a06-bda1-fedade5d71c1,["#-1:260caa6d-9101-40b4-9c6c-314aff5a9089", "#-1:e67941e8-b386-49ee-82e8-5e08233f6432", "#-1:ec79ebd9-ff98-4790-a198-74f40b89480c"]
c8687f66-bb51-4f28-a589-11dea79beb5d,["#-1:8fd2acd0-8fc6-410e-be74-761c0735bef5", "#-1:36093e62-7742-4210-87a2-86976fa94822"]
c90fbdec-4d8e-4282-9615-6515cf4d5c28,["#-1:d0535d6c-2e35-48b2-aecc-b60082755cd9", "#-1:1e81cc02-c5e8-4f66-a091-9a13f998084e", "#-1:a087592d-b6c6-4821-bd5c-e5ed365f0d17", "#-1:acb91af1-3d96-476e-bde9-f083fa2bccc7", "#-1:bf497ebd-3d01-4bbb-aa96-158df7ba7cf2"]
c92159f0-ff4a-4ab3-8335-a33e384e12ea,["#-1:dd986c33-b96d-4a1b-8fa6-36d84e6fae08"]
c953c49e-0e7b-48f9-a8d1-24deed81a328,["#-1:24dfe644-796e-4da3-9506-214984f60422"]
c99e715d-2587-4dde-85df-e0e3adb391f7,["#-1:cde0adfe-c9cb-41c4-9186-544d90988111", "#-1:a9425696-7183-4fea-a367-d3502c61ed65"]
cae745ce-7f26-4428-8e39-e41f4afc7c6f,["#-1:9c05565f-82f3-4017-b4d8-834af1e2a162", "#-1:80485240-57e4-4d89-8254-7943f52e9bbc", "#-1:213881ed-b464-4f00-bb82-2a554aafbf3c"]
cc154efe-123e-463c-85be-6eba45656331,["#-1:b5971ea4-bb4a-4f40-854f-405cacb56dbd", "#-1:37fdfe6e-71b9-496a-9b7e-f62e0a273a65", "#-1:0986a6ea-2bee-4b44-a534-79575112865b"]
cdae01fa-ffeb-421d-bce8-020d92e0b8ab,["#-1:5d580c2f-4090-49c7-b012-113160107336", "#-1:832d726b-149c-436d-b8e2-f5a1ebdc442c", "#-1:7fca46ee-d12a-4ff7-aa32-f5502536c049", "#-1:bdd347fe-bdbd-4937-9f50-b5a36492708a"]
cefc0540-9428-4313-8a00-f1b04b7ea658,["#-1:8e2b9057-25d3-4325-877a-306b6391c8c0"]
cf15d7f2-07ec-4d3d-835b-d27f41637ebb,["#-1:9b52db18-e498-4851-8a5c-5ecd081d9af6"]
cf468c2e-951b-4c68-9820-5044c12c16ab,["#-1:3d82ce62-7871-4072-98ea-9cc2df81c60d", "#-1:b0283f6f-0a24-4714-89a9-decc028096a2", "#-1:508c69c3-33aa-4fd8-9357-9d990f688d27"]
cf632584-38e3-4b19-a412-2d6f8f537a2d,["#-1:1f996328-92e0-4fa1-a446-964932255442"]
cf6edba4-a827-42ad-893f-fa4a34bb0f7d,["#-1:bff45af3-4b50-4ebc-af43-12c67c6a7f35", "#-1:127aaacb-1205-451c-8688-aea1b22fc9c5", "#-1:e81294f7-9809-4642-9738-78104d1b11b7"]
cffb4a48-6fd7-4306-8d3b-5124e9d17c96,["#-1:9b140eb6-a96b-43e1-8378-058ff4e58452", "#-1:3df4959e-4e43-4f02-8971-087cbb9d39e1"]
d03066e3-edb6-4bd0-845a-d3c7a397f7b7,["#-1:98c45d44-baa4-4f54-b9fc-bf17948361f1", "#-1:8466e607-408a-4353-8c6d-05ae04f5999e"]
d14a7ca0-eeb5-44b8-850a-fdc536f03f2c,["#-1:42acdfe3-9f36-4590-b93c-fde53edb48d5", "#-1:43925f7b-78f6-4739-95a6-06ff16cf31a1"]
d276a9b3-bc6f-48ff-ab27-fd2e3d359b29,["#-1:d5616c23-768e-483a-ac05-1f1118735256"]
d2906204-8342-4348-af98-4608f8f335c3,["#-1:02b27081-4abd-4332-aa30-5e0c1c0176ca", "#-1:0188a4be-3b9d-4eb9-a7a6-5ae1b1afeb60", "#-1:38d41046-6986-40f1-bad8-ba7e0656e9f4", "#-1:bf71e092-ba46-4b9b-b2f2-2f25fd08698b", "#-1:9b9ddef2-3075-4be7-a055-6c6c54dd868a"]
d36feb73-c761-43ea-9c40-114ff1a8a318,["#-1:314207bf-4941-4e26-9263-ce2f12eb4b25"]
d37febdc-5e69-4246-80b1-d2a0e0a8d3d8,["#-1:30da8373-f169-4ba9-bd99-acc20586ebb7", "#-1:27ca45b2-d377-43b1-9d8b-7b3dc1de824b", "#-1:661b386c-91d2-4136-bf6b-c8e496e79e01", "#-1:69a1a1ec-56a3-4a28-b21f-9d58d8b1aaa9", "#-1:b36eea74-3939-483e-add6-7113ab2d69d5"]
d3af2aee-7dc1-4e51-9412-857e58882314,["#-1:031d3372-8c73-4ad6-8c4c-827036af0dbe"]
d40e4051-cfb6-43e7-91ef-516cf3bedf62,["#-1:9124dc33-622b-4ec1-a1a4-3e4057a0250c", "#-1:0835d1a8-6682-461c-8b76-3caf72a3621d", "#-1:e8d7e913-5b2d-4966-83e4-dee06404c8fd"]
d450cd63-3e5d-4c67-b11a-517c03d7e3e0,["#-1:48efcb47-2887-4583-b31a-654c0a75cfef", "#-1:73e281f5-0239-402a-b989-543b40d3dc59"]
d45f9f72-d6bb-44b6-b618-66de07838f78,["#-1:11ac3898-2b87-417a-842c-037070dacf9f", "#-1:cc4e36ff-f7c6-4337-be93-ac9e8882aaa2", "#-1:c2e12e39-c1df-4af7-b20c-09ef107c8295"]
d5033a12-f57f-40c9-80f5-1477e2d6f716,["#-1:6d06518c-6398-4c60-b8dc-1499f862be6f", "#-1:640f65c6-fcd0-4ac4-bcdc-9b0e7898b0c0", "#-1:e1e8941c-2f80-46fc-a4aa-892d463789f7", "#-1:ae0410fb-fa20-4f88-b476-209ba8f10c75", "#-1:2b1caef6-a28b-408a-89e2-580e7f9376fd"]
d51a4fe5-3721-4585-929c-0ca993c3a0be,["#-1:961cc8a5-826b-420e-9fdd-48a1e984801b", "#-1:e3994fe4-4a5b-4ca3-bbd9-0624471cb5de", "#-1:7abefa77-6c6a-437f-9c2c-e4530545181a", "#-1:f90f6be7-6756-4e5d-904e-4dc1ba1ba0ef", "#-1:ef2515c5-a8ff-489a-980a-1ae969b0194b"]
d5376a71-c48e-4351-ba60-f982778b3eb4,["#-1:d5bc00b5-65f1-488b-be6d-4fa051c4cb45", "#-1:a37892ad-1380-4b50-b583-162d0ac4b26d", "#-1:b58038e7-1702-4761-a5c7-9d698b0103c3"]
d572c05c-7b5b-4e09-96a3-b36ac0dc8923,["#-1:e4b093f2-c11a-4296-891f-4a1a9d723e05"]
d5e299a3-4a0c-4877-9436-36d761b7c3fe,["#-1:90d01cdf-989c-4a09-8bd9-a5306691cfcf"]
d62da5f0-d182-404f-89d9-d9e4812d96c0,["#-1:38c7639e-5018-4ff5-8473-7246e4b66bcb", "#-1:a01a0e11-88bc-411d-9d33-565e93d4ec14", "#-1:a32be6a5-ecee-4229-b48b-7bd498bf05b9", "#-1:5771aa97-7c76-4fec-bb0e-803de80d32d4", "#-1:21925a57-95d4-410a-83ad-00b54f023561"]
d74b307f-5792-4d8a-b419-ab3024ddb44a,["#-1:7b49cb4a-0ff9-4052-b512-c52c586a87af", "#-1:057b6fab-e417-48cb-9300-cb8f7d585345", "#-1:58ba0235-cd5b-421b-97f6-5ca089c0d8fd"]
d76f197c-0a39-4207-a819-0b55bdf0701c,["#-1:6246f467-1397-461e-9e5a-670a0c406023"]
d793d532-08ad-4410-a3fd-c09844eb67d0,["#-1:3a6c3522-1e4d-4642-8e64-fbb52e464ce7", "#-1:8dfe4636-38a8-4b11-9cce-2ca12a3dd142"]
d7b73432-8545-486a-8820-7b7030be0af3,["#-1:6884fa0e-d567-4b34-ac07-053b79402834", "#-1:33e99d65-b384-4658-9ce0-ecdc7c286b39"]
d7bd64b0-e1e8-432f-a82f-9553af0b402e,["#-1:70ffdf78-c02e-4ea7-b4c8-d9a08b2bff62", "#-1:2b7cb358-4fbd-4c5e-a2f0-24a9d08049eb", "#-1:90ca67bd-f5c6-4dfb-8947-80f33aa27c7f"]
d7cc47a5-d53c-4987-b0d2-1971d58257b4,["#-1:d5378f39-a450-41b9-8007-9b6dbb28b9ff", "#-1:ddf8efbb-29ae-4b55-8acd-939fed47232a", "#-1:95306ed6-476f-43b8-85e0-24089a59d637", "#-1:54b7ba45-340d-4eaa-a21c-3a78c5f74e15"]
d7f62d3d-01fb-4f27-9403-384978cf2164,["#-1:47d0e756-2ac3-4ef0-b2a0-14d56df61295", "#-1:f6d8e363-dda8-4963-91fa-e72e5744e28a", "#-1:93aaa235-2588-49a7-ba79-42e1731d6896", "#-1:bf2216f4-4465-4689-b9c2-b004ebb531e8", "#-1:a97ef705-69ea-4227-b808-2d55a3d913b6"]
d93f86ee-6a65-4403-a4ac-383980928726,["#-1:42ec17b1-823b-49ce-bcfa-e33ccbd0a042", "#-1:81fd868e-5c1c-4931-a392-b71d03503147", "#-1:40aba002-07bb-4199-b41f-2e7dec8a4e67", "#-1:bcdbde8d-417b-47e5-9d7a-e490ea6c4721", "#-1:e9fe904a-17c6-4aae-a36c-d93ef67b2b95"]
d9ab3147-40ee-49d6-ac3e-78f887cebdfd,["#-1:abdd8bab-7e97-4bb9-b8f7-0725a5eb7ef5"]
da04e704-0eed-4b25-858a-dd8b456430cf,["#-1:f85ee325-37e4-4bbc-80ba-770ce4d961f6"]
da635df4-e0d2-427b-b901-498139f148cd,["#-1:71153bd1-b829-4fd3-9b2a-3f327b549fa6"]
da6db3a8-9bae-463f-816b-f774519352cd,["#-1:af9aad4e-2f7d-484c-af06-96ae7a52b9b4"]
db30f766-72b3-4f28-b29e-56db1f3e7c64,["#-1:1a8836ee-1c97-4b11-9d34-646560d96d7b", "#-1:c84d9266-0acf-447d-aa0d-78177da3676f"]
dba4993c-3ccd-4113-bf19-70a4abfb1266,["#-1:60bc6f30-a752-4814-9fc9-97e8521ee8a5"]
dc8df7d5-edb9-4849-a7d5-f34a911a3107,["#-1:7a64105a-b788-4292-9c25-9f78a4f28d83", "#-1:a539398f-2496-4bbf-b013-1b95ac75e348", "#-1:14ae90c0-1b18-424d-a073-9ecb124ff841", "#-1:67be42b7-1529-4762-bb08-fcdb71745993", "#-1:9ffda348-fce3-45ce-9811-553add843f89"]
dca88556-da81-4fea-b5bc-537fd61e5b1f,["#-1:ef3ba863-64a9-4138-b82b-997bdacd95e2", "#-1:2a0c3a24-7037-4b80-8664-dfeb1a4ee85d"]
dd29409d-298e-451b-8231-e0c53c0e420a,["#-1:8b8bf8e9-9748-4726-8fd5-e9565379f047", "#-1:dd1a4fe7-36f6-40d6-976a-61e7f8d57656"]
ddbf6564-e7e3-4562-9c4b-237fd58dcf00,["#-1:b9a62a33-7e81-4964-a858-f4279dc345a3"]
dea57ec0-cb96-4c26-9710-cbe850478faf,["#-1:455d1e4f-d4d6-4935-8400-3b922ed21ceb", "#-1:7e4cd7aa-a88a-4c10-a3a2-2851a3c57680", "#-1:70b0477e-3401-4770-a51b-188be27963f8"]
df6cbfdb-c0f8-48dd-b4cf-f0e8205fbe39,["#-1:bb0efa27-c50b-4379-b7dd-ecc863dc195e", "#-1:6cc003c5-9051-4c2d-a5ae-83b290d362b5"]
dfe51067-16d9-4d80-bdae-ce2e4645b739,["#-1:d82cccf6-9043-4b78-a169-1befee776548"]
e1300d1c-b631-40d9-ac85-ffc3c9e3b42d,["#-1:a1f68f54-3aa6-4925-b182-760a2a71fd64", "#-1:9f9ca9e5-0998-4ffa-8d57-90215c563ce7"]
e257ed84-3b99-4e85-adda-b047d33555ed,["#-1:d2b8fe8b-1807-4253-8aa4-2933c53ad1c8"]
e29d9749-8013-4997-a158-295facbae560,["#-1:35ac0999-4d66-4d84-ab1f-4a4bbddcf524"]
e325369b-cb75-4da1-af8d-90c4c192cbff,["#-1:41439e4a-91c5-4ba9-b5f5-b943e0b09fcd"]
e343acff-4e06-471a-bf9f-027c6dec3731,["#-1:17e640ca-b1f8-453a-a539-d531aaa24f42"]
e35160ec-b305-4fd7-aa5e-5a79c30be440,["#-1:08179b6a-1eeb-4df8-80b2-3f8a4edb0e04", "#-1:8e0185ba-bfe5-44be-beb8-730f0cb3d305"]
e3fac97b-b244-438e-b6e4-7bd8dce938e0,["#-1:ce6326ff-166a-445e-98ab-426435019b66"]
e4320016-8daa-4ec3-986a-b6a3a74f8cb8,["#-1:92db9ace-49a4-40a0-ad83-e558cca740f1"]
e539135d-8bba-4486-be89-ed22900c1ec5,["#-1:47a5ecc8-926e-43d9-97f9-203373ea8784", "#-1:4a9b133e-aee5-4af8-813c-894632063000"]
e57d1093-5203-4573-a09d-fcb4c415e26a,["#-1:44169ed9-223f-4280-96e1-e13c6d16152a", "#-1:15f39bda-1e47-4274-8cd6-9c3a4e9155cb"]
e6a573e7-a759-459c-b3ad-db9f5758a171,["#-1:e949df76-ff5c-432b-9e08-208d86b78717", "#-1:6a2e4bf2-9e3a-40fb-8c00-0e53ea6007aa"]
e74096c8-61c6-4daf-974e-077655f8534b,["#-1:4522cd89-80ee-4022-9186-2e717c5949f1"]
e74c6963-9943-4a35-9c45-0d7bb1af61a6,["#-1:e5cfd33e-ac3c-43f9-af80-7c8ab81808fd"]
e7593119-f707-48db-916e-785a1f677381,["#-1:302f29d3-06f6-4b30-a6cc-e562f784ee60", "#-1:c2233f45-0b7d-4548-afdd-5cb93d5a5222"]
e76c811b-0dcb-4e64-806d-3c649cb0eca1,["#-1:8ca81a17-16af-412c-9fd1-f090944709fa"]
e7700f4a-e97e-40ad-bda5-afd0f92e7509,["#-1:678aaccb-9f5d-4fab-957b-cd94865e233e"]
e7c0c3fe-f81e-494f-8faa-edcee9a23ce3,["#-1:db4bd4d4-5e9c-4cf2-8d26-d69a1dc99950", "#-1:4044d294-2a14-4c31-9d5f-3464269651d2", "#-1:fd3dc58b-d737-4271-91c0-b20e46d0a7a2"]
e84c37b0-5a87-4d8c-861f-83ab270e4744,["#-1:7f1de1bb-90e2-4608-933a-313798de1d90", "#-1:8a6173a6-ad92-48bb-b63f-654517f8d93e"]
e84dea47-7eab-4682-b981-3ab6f358ef57,["#-1:66668367-9292-4aef-bccd-e1df31a97048", "#-1:c9a718c6-6b6d-47d8-96f2-f314d2d88dd6"]
e8dcd7dc-771c-4366-a5b1-8a1ea25c54e3,["#-1:8bb1ab76-3bd2-4b57-b3ab-bfae954998f8", "#-1:ff04b2a7-921d-47c3-97d3-b1714a5e1bc8"]
e90ab54c-d993-48e5-b0a2-74e278a3dca4,["#-1:692b2d87-683c-47e8-b9e5-3ecd59c4050d", "#-1:3f901d26-bad7-4da1-b05b-28da9621c8ab", "#-1:f83526d5-0c96-47d4-94af-5e07d6931f05"]
e91d27cd-b255-48d5-908a-4e0e50789845,["#-1:78b37f22-b39a-49a7-826d-385657707be7"]
e9e4ea30-88f7-42c0-8ca0-4643f9ad623b,["#-1:cf012780-138d-46a7-870e-4867e6383c1c", "#-1:610c7c1d-c1e8-4f8c-a3d4-c3c67c55794b", "#-1:444239ca-b317-49be-9ecc-5d71759af73c", "#-1:14b85357-17cc-470e-a820-67ccbb515b7a", "#-1:43c29f81-a701-43d5-82be-47c807eaeef7"]
ea15f98c-3910-4c05-b01e-4cb162ab518b,["#-1:8182ba34-d87d-4b5c-941c-a4f1f2aa5fba"]
eaad37d6-1779-4a23-9ba8-620008df08ce,["#-1:5ea8b9b7-bfd5-48b3-a123-d8eddc7501fb"]
eac28a99-2650-4dee-9f74-7054f480be19,["#-1:752bf1a4-c796-410a-baad-fd517c9d989e", "#-1:9a87a621-904c-4c60-b17e-7a6e551a3b02"]
ec29e918-14f2-401c-b325-87eabc53504f,["#-1:d7410625-4263-4ba5-be53-0449ef0ad522", "#-1:e43286d7-9770-45b1-bcb9-a70009dad690"]
ed52fdc5-fce4-4fb1-a76e-bf6732d6360f,["#-1:9ca0945b-4ba1-4c80-978a-4ec10253f9d9", "#-1:85b8bc03-1b4b-4005-9a4b-eada7b3aa94d", "#-1:4cce7ba8-7391-4aa3-916e-77aa81fca372", "#-1:a9b82473-fe2e-4997-915e-778169fc0e05", "#-1:3a5a4935-cb92-4053-9467-aff09ae6d9af"]
edcaa16f-fee4-415e-88ac-ba68e7aa0087,["#-1:15481d42-9eaf-49b8-b470-acaeb2a0cd64", "#-1:fdaaf547-da3c-47bd-b583-00d8af72e779"]
edf35c43-b3c6-4ee0-b82e-b19e942bec89,["#-1:48f6ab5f-d75b-4029-9bf3-aa643d2f80ca", "#-1:bce294b8-0f46-42d2-8eca-612d2a5f1c22", "#-1:7fded5c1-8979-4d21-8914-3e5010e3e466", "#-1:fe8bca5e-2c38-4a5e-90a7-1cfa80530841", "#-1:c475bb4f-ee2b-4d6e-a2f6-7f53504af1b7"]
ee2076f5-485f-4b8e-8448-ef880056c413,["#-1:333dfbf4-37ae-4e20-9ed3-0ca1ff3a4662"]
ee243b83-b1d5-46e1-83d1-3cb8ed568a53,["#-1:e3a37f39-a4c3-47c4-af94-2096daa30dbe"]
ee3543ef-79bf-4b28-8c2a-33b6375ed4a0,["#-1:8b586547-ab2e-45c6-9a82-0a0e6eebf185", "#-1:d479876b-d54a-4540-9f55-c8b229010011"]
ee6048ef-5cdc-4364-978b-51df5d8eb467,["#-1:f77c62cb-2cea-430f-ace6-e1d699d06fd1"]
ee87780c-0622-43c1-9b73-9a5cfe46dd0a,["#-1:1b5ac3e3-83ce-4337-a6da-429387cd366e", "#-1:add81954-11f8-4c9f-ae8e-4bd638196b7e", "#-1:639b581f-3839-4334-9e32-551b5555157c"]
ef6ed502-c16d-487f-afba-1b83ba645fdd,["#-1:2b3a7d2c-b16c-43a0-ad30-8673842f01ad"]
ef88c529-5cdb-49b2-9a7a-11fdd4f1b867,["#-1:8fe8736c-8ee5-458e-9c1b-976da1ab602d"]
ef8a43ec-0d62-4662-9035-53072e7efa12,["#-1:719d9cb5-eb10-4e6b-9790-9277426524b5", "#-1:82885ffa-3750-4c17-92f5-482157fd8ed5", "#-1:22e08aec-4ace-4a8b-b929-ee9245cac920"]
ef9521a6-f6f6-4d15-bfe5-0c315d9e7e97,["#-1:69badc07-9e15-4f4b-8131-14530c70ab8f", "#-1:09dcf78c-f556-48bc-9213-b11f8b9e3b66", "#-1:a594044a-2d40-44ca-8bd7-925d33303364", "#-1:a1343530-5a78-4d7b-9cb7-caee0ff11f4c", "#-1:5b590f6e-ae9a-4171-9235-dfaf743347c2"]
efad42e2-5cfc-4305-a609-9562397e7bb6,["#-1:1db1e9fd-0c2d-4c78-9916-c0133cfdedbc"]
efe635c8-8368-41be-8fa8-4b1ec7a5e1a4,["#-1:6c829038-18e3-4b76-8990-eb43a5bd0604"]
eff0e6e2-1dd6-47de-a4c9-90ab1599c283,["#-1:087616ba-9379-421d-ab2f-c8eeab012581", "#-1:a3ad409b-4fd8-4b2e-8588-50c321fd58c4"]
eff8f9b6-1cb4-483c-9128-cf8a4985dbf4,["#-1:494af56d-7f69-4c80-a9cd-ce8310c57c43", "#-1:3b93db15-0374-46ce-835b-0d07201f4167", "#-1:fad88414-d576-4924-b598-15c725fb5096"]
f0361adb-bb30-44b3-8152-a04b328205f4,["#-1:91b10c29-bca3-42f6-927f-8e6b89d910d3", "#-1:03d0f3ce-8720-43d2-b806-fcd5b44c5221"]
f11b9469-743e-44d1-b27c-8d1a3cf0bd3a,["#-1:b41b01b5-705b-4a0d-8e24-29dc5fdbe16b", "#-1:ba6e2836-d8f4-45e9-a2dc-9fc777bd34f4"]
f131b77a-0283-4e0e-bb40-2908925bb750,["#-1:6571a4ff-dec5-4265-89cb-8d4280677f3f", "#-1:4dad6a87-2f52-4bb8-8492-1b3a2a7a75ea", "#-1:10a98572-2f5a-4551-89a8-b3324c1d84b5"]
f146cc93-287c-4e04-b2ea-b59e1ad4484c,["#-1:fe2d7dac-ff1b-4490-8c28-9a93e9d2d919"]
f1f18c6f-7dd9-4ca9-b882-258667ae03d4,["#-1:4f2078db-1d23-415b-aa1c-055bcc679714", "#-1:da60e886-c4a8-4c1f-81d8-d92d05e6d248", "#-1:48c890ba-6e73-4d1f-90ca-5376de0776ed"]
f20af7b2-5a14-4aa1-9f8b-50384c3be0bc,["#-1:42157165-59fb-4c2d-b4e1-63197696d5d3"]
f380a755-1ab4-4d0f-98b9-a5e62135af92,["#-1:c8ca9458-e6b6-4db1-82b8-b7b63b39527b"]
f3ae265e-dee6-44b6-9848-33c435f5eb76,["#-1:57cecc83-7b0c-4ee5-a8b7-911e6945d8b5"]
f4d02f27-f4f4-4203-af46-823db56c0901,["#-1:fc646576-379a-42bc-be7a-c17458afbed2", "#-1:28b07837-c8e0-4ae7-b8e6-1c904413536e", "#-1:0a56a80c-63de-4420-bdd5-55cfd21b935d"]
f4e3affa-e61b-4f4c-851b-bd41565a8b4f,["#-1:54382ab7-1773-4045-940d-1363fa4b0c19", "#-1:fce0bb66-4300-4cd2-becd-0993430176df"]
f57b8fbe-bd33-4dc7-95ef-fbffa4552754,["#-1:245caebe-e60c-43fc-b1a4-ebdb838df6d1", "#-1:308c2d62-6ef1-4511-9450-c7107a6cfd22", "#-1:b0d6ec00-a8ba-4120-9c33-ccb406b404e7", "#-1:6a98c4fc-17a3-4c73-8943-efbd109d5b9d"]
f5d8607f-a5da-4be8-8786-b8cab1152cec,["#-1:8efe0edb-ab9d-4765-b881-9d8823f77148", "#-1:12885ef5-51c6-416e-87ca-ad6019dfbc32", "#-1:25b99681-e296-44c8-8fb6-ac3b4054bacc"]
f619be81-5da5-4ab0-aa30-4a3b69eecb57,["#-1:dad9b5bc-055f-441a-9893-8dddde0fde2f"]
f638f6f3-5b9d-4197-a126-6c75a2fdde18,["#-1:44eea185-cc49-4631-86aa-447d58c86982"]
f6a6325f-450b-426e-a0d9-505b9996adfc,["#-1:897da660-69c6-490e-938a-09f66c1e8163", "#-1:fb6f2b00-97c0-41b9-8de4-1b234b2cc853"]
f6ba07c1-8b94-49dc-83a1-33198a6fc316,["#-1:5beada60-a959-4c92-8852-2af0eb0102c5", "#-1:596b5bb4-40b5-4bc4-bd92-ceb0355e41f7"]
f6f3960b-9fe9-4c79-bf74-9d18b405cd00,["#-1:70872989-cef8-47ec-98da-4b5f05f14124", "#-1:138ca27b-e8ff-4527-a6c5-db89abc571cb"]
f715e5bc-38b1-4db9-b863-0642125d72be,["#-1:b6cae825-7a48-437b-948b-285b12ca21c3", "#-1:df517462-aff1-4c1d-82fe-2cd23fcfea67"]
f85240db-96a5-407f-8ff3-b0af3d8f6d05,["#-1:858ae07c-232a-4cd1-9677-c9a738e0860b", "#-1:0b53b08a-b742-4b51-8467-5443dfca6333"]
f8dbff61-d6e7-47ce-b008-10b25273066a,["#-1:5be3eaee-a550-4718-abc9-426290d1d193"]
f914327c-c695-4ca4-abf8-f60a6b960120,["#-1:c6ad6c97-9b6c-49dc-8051-8b06a544d8c1", "#-1:44babb27-4aeb-4f40-9cab-45ba9c964faa", "#-1:1f80709b-11bb-4a6d-91ae-21005a2730ca"]
fa82abed-1394-4701-b303-e3a5371d30af,["#-1:a4eca6a4-28de-484e-88b6-5cc9d53b641c", "#-1:e4cfb593-36a1-4d2b-8f0d-ab6d13c85dc9", "#-1:21299da9-39af-4a9a-b049-52d0c2f6fd26", "#-1:69be330d-698b-489e-82bb-2053b37ef472", "#-1:55c2f4b5-3f32-453e-896e-4e6a4a8796ab"]
faa00ed5-c0b9-445e-98ac-671035a4a239,["#-1:1507f512-18b6-4371-8694-c8c5488215cc", "#-1:76e3a0a3-1943-4a4c-ad08-d31dc732cb73", "#-1:b7e7cc45-d5ad-4a5c-b60a-70fb957b1c18", "#-1:6e56f2f3-624e-4617-b6d3-62cc57f51e5a", "#-1:37d6d18b-366a-4f9d-b737-eb01acc519e0"]
fad26f6d-c956-4598-9639-39fef649b32c,["#-1:e9e6853e-519f-46b4-821e-0ab0fe97ef51", "#-1:a6f7eb99-a84e-41d4-a903-5e31451dc4d8", "#-1:45f33f70-9bd9-4726-8a18-995f324dd172", "#-1:096fad4b-b70e-46c2-b028-54f3cae4266a"]
faeeeb88-468e-485d-b71b-d3f799baaaf0,["#-1:28976d88-a314-4ad8-a917-8058c54a6d1f"]
fb16c2f2-bfd5-4485-a7c9-4c2ece56f669,["#-1:1a1d734b-225a-4e24-a21b-832d6a43fa81"]
fb7d9c49-95ba-458e-9828-59d5a3479ac8,["#-1:7aab5c12-deb4-46cb-842f-6e173d856296", "#-1:c8ee0441-f6db-45ba-8c79-be45fc7b5b54", "#-1:45838472-8ed1-4134-9691-894755bfb519", "#-1:b1558853-a772-4ae0-8964-61aced341d97"]
fbf932cc-30d5-46cd-b979-b5d969cb1689,["#-1:048073ec-57c4-4a24-80f6-36df6e8b06f6", "#-1:ceab5499-5c09-4fe4-87e4-390ff92d904b"]
fc783f28-fab6-4728-a2e2-c150c115f40f,["#-1:01ade6e5-a92f-4938-91f0-a917d19c22b1", "#-1:8a7be997-7528-4301-a9a3-3d6a1231de65"]
fcead0b1-a014-4436-9e49-8041559471da,["#-1:a5622c98-217e-4b20-9c02-a14453635589", "#-1:3ac6fa2b-8553-4ab3-b7d9-4404a68bfeef", "#-1:de869e03-6dd6-4bb4-88b7-211e1c522c8a", "#-1:315e5a21-3eed-4e39-a635-b1b366642426"]
fd60e083-8de7-42ac-b51d-cb48b6924b72,["#-1:55bfd8d0-efdf-430e-b802-efd3fb90c1ce", "#-1:907e7119-1040-4bcc-94e1-15e9af0cb4a4"]
fde23762-9d4c-48a7-ade0-2fc4ed9af9f8,["#-1:739916a1-3bd3-4130-94e7-cd6bfb82dd0c", "#-1:3892e9b0-81a8-4740-bd4f-2ee3c95bc551", "#-1:aca47da7-84cc-41fa-96ec-9e69fca29131"]
fea408ae-3b8a-4cbc-8ad5-bfbb5ba61b83,["#-1:2735d39d-82d2-4420-bf05-a9caa5daecb9"]
ff74c578-a27f-4abb-9715-2eaf3753cdb4,["#-1:4315c01d-8ddd-4436-a080-a24937de22e9"]
ff760551-d2f8-492a-aebf-77f185724db0,["#-1:d46edc17-80f8-49df-a5d1-3ef256aab9c1"]
ff9fc57f-0b6c-49af-9a8a-0abb73dc262d,["#-1:ee3a0d09-248c-4b1e-b9b7-0f33c534dfb8"]
